Title,Alternate Title,Description,URL
The Shawshank Redemption,Shoushenkdan qochish,"A banker convicted of uxoricide forms a friendship over a quarter century with a hardened convict, while maintaining his innocence and trying to remain hopeful through simple compassion.",https://www.imdb.com/title/tt0111161/
The Godfather,Cho&apos;qintirgan ota,The aging patriarch of an organized crime dynasty transfers control of his clandestine empire to his reluctant son.,https://www.imdb.com/title/tt0068646/
The Dark Knight,Qora ritsar,"When a menace known as the Joker wreaks havoc and chaos on the people of Gotham, Batman, James Gordon and Harvey Dent must work together to put an end to the madness.",https://www.imdb.com/title/tt0468569/
The Godfather Part II,Cho&apos;qintirgan ota 2,"The early life and career of Vito Corleone in 1920s New York City is portrayed, while his son, Michael, expands and tightens his grip on the family crime syndicate.",https://www.imdb.com/title/tt0071562/
12 Angry Men,12 jahldor erkak,The jury in a New York City murder trial is frustrated by a single member whose skeptical caution forces them to more carefully consider the evidence before jumping to a hasty verdict.,https://www.imdb.com/title/tt0050083/
The Lord of the Rings: The Return of the King,Uzuklar hukmdori: Qirolning qaytishi,Gandalf and Aragorn lead the World of Men against Sauron&apos;s army to draw his gaze from Frodo and Sam as they approach Mount Doom with the One Ring.,https://www.imdb.com/title/tt0167260/
Schindler&apos;s List,Shindler ro&apos;yxati,"In German-occupied Poland during World War II, industrialist Oskar Schindler gradually becomes concerned for his Jewish workforce after witnessing their persecution by the Nazis.",https://www.imdb.com/title/tt0108052/
Pulp Fiction,Jinoiy asar,"The lives of two mob hitmen, a boxer, a gangster and his wife, and a pair of diner bandits intertwine in four tales of violence and redemption.",https://www.imdb.com/title/tt0110912/
The Lord of the Rings: The Fellowship of the Ring,Uzuklar hukmdori: Uzukning ittifoqi,A meek Hobbit from the Shire and eight companions set out on a journey to destroy the powerful One Ring and save Middle-earth from the Dark Lord Sauron.,https://www.imdb.com/title/tt0120737/
"Il buono, il brutto, il cattivo","Yaxshi, yomon, badbashara",A bounty-hunting scam joins two men in an uneasy alliance against a third in a race to find a fortune in gold buried in a remote cemetery.,https://www.imdb.com/title/tt0060196/
Forrest Gump,Forrest Gamp,"The history of the United States from the 1950s to the &apos;70s unfolds from the perspective of an Alabama man with an IQ of 75, who yearns to be reunited with his childhood sweetheart.",https://www.imdb.com/title/tt0109830/
The Lord of the Rings: The Two Towers,Uzuklar hukmdori: Ikki qal&apos;a,"While Frodo and Sam edge closer to Mordor with the help of the shifty Gollum, the divided fellowship makes a stand against Sauron&apos;s new ally, Saruman, and his hordes of Isengard.",https://www.imdb.com/title/tt0167261/
Fight Club,Jang klubi,An insomniac office worker and a devil-may-care soap maker form an underground fight club that evolves into much more.,https://www.imdb.com/title/tt0137523/
Inception,Muqaddima,"A thief who steals corporate secrets through the use of dream-sharing technology is given the inverse task of planting an idea into the mind of a C.E.O., but his tragic past may doom the project and his team to disaster.",https://www.imdb.com/title/tt1375666/
Star Wars: Episode V - The Empire Strikes Back,Yulduzlar jangi: Epizod V - Saltanatning javob zarbasi,"After the Empire overpowers the Rebel Alliance, Luke Skywalker begins training with Jedi Master Yoda, while Darth Vader and bounty hunter Boba Fett pursue his friends across the galaxy.",https://www.imdb.com/title/tt0080684/
The Matrix,Matritsa,"When a beautiful stranger leads computer hacker Neo to a forbidding underworld, he discovers the shocking truth--the life he knows is the elaborate deception of an evil cyber-intelligence.",https://www.imdb.com/title/tt0133093/
GoodFellas,Shonli yigitlar,"The story of Henry Hill and his life in the mafia, covering his relationship with his wife Karen and his mob partners Jimmy Conway and Tommy DeVito.",https://www.imdb.com/title/tt0099685/
Interstellar,,"When Earth becomes uninhabitable in the future, a farmer and ex-NASA pilot, Joseph Cooper, is tasked to pilot a spacecraft, along with a team of researchers, to find a new planet for humans.",https://www.imdb.com/title/tt0816692/
One Flew Over the Cuckoo&apos;s Nest,Kukuk uyasi ustidan uchib o&apos;tgan,"A rebellious convict is sent to a psychiatric hospital for evaluation in 1963 Oregon, and encourages his docile companions to take more control of their lives and defy the tyrannical head nurse.",https://www.imdb.com/title/tt0073486/
Se7en,Yetti,"Two detectives, a rookie and a veteran, hunt a serial killer who uses the seven deadly sins as his motives.",https://www.imdb.com/title/tt0114369/
It&apos;s a Wonderful Life,Bu ajoyib hayot,An angel is sent from Heaven to help a desperately frustrated businessman by showing him what life would have been like if he had never existed.,https://www.imdb.com/title/tt0038650/
The Silence of the Lambs,Qo&apos;zichoqlar sukunati,"A young F.B.I. cadet must receive the help of an incarcerated and manipulative cannibal killer to help catch another serial killer, a madman who skins his victims.",https://www.imdb.com/title/tt0102926/
Shichinin no samurai,Yetti samuray,"Farmers from a village exploited by bandits hire a veteran samurai for protection, and he gathers six other samurai to join him.",https://www.imdb.com/title/tt0047478/
Saving Private Ryan,Oddiy askar Rayanni qutqarish,"Following the Normandy Landings, a group of U.S. soldiers go behind enemy lines to retrieve a paratrooper whose comrades have been killed in action.",https://www.imdb.com/title/tt0120815/
The Green Mile,Yashil maskan,A death row guard learns that a gentle giant in his charge possesses a mysterious gift.,https://www.imdb.com/title/tt0120689/
Cidade de Deus,Illatlar shahri,"In the slums of Rio, two kids&apos; paths diverge as one struggles to become a photographer and the other a kingpin.",https://www.imdb.com/title/tt0317248/
La vita è bella,Hayot go&apos;zal,"When an open-minded Jewish waiter and his son become victims of the Holocaust, he uses a perfect mixture of will, humor and imagination to protect his son from the dangers around their camp.",https://www.imdb.com/title/tt0118799/
Terminator 2: Judgment Day,Terminator 2: Qiyomat kuni,"A cyborg, identical to the one who failed to kill Sarah Connor, must now protect her ten year old son John from an even more advanced and powerful cyborg.",https://www.imdb.com/title/tt0103064/
Star Wars,Yulduzlar jangi: Epizod IV - Yangi umid,"Luke Skywalker joins forces with a Jedi Knight, a cocky pilot, a Wookiee and two droids to save the galaxy from the Empire&apos;s world-destroying battle station, while also attempting to rescue Princess Leia from the mysterious Darth ...",https://www.imdb.com/title/tt0076759/
Back to the Future,Kelajakka qaytib,"Marty McFly, a 17-year-old high school student, is accidentally sent 30 years into the past in a time-traveling DeLorean invented by his close friend, the maverick scientist Doc Brown.",https://www.imdb.com/title/tt0088763/
Sen to Chihiro no kamikakushi,Ruhlarda qolgan hislarim,"During her family&apos;s move to the suburbs, a sullen 10-year-old girl wanders into a world ruled by gods, witches and spirits, and where humans are changed into beasts.",https://www.imdb.com/title/tt0245429/
The Pianist,Pianinochi,"During WWII, acclaimed Polish musician Wladyslaw faces various struggles as he loses contact with his family. As the situation worsens, he hides in the ruins of Warsaw in order to survive.",https://www.imdb.com/title/tt0253474/
Gladiator,,A former Roman General sets out to exact vengeance against the corrupt emperor who murdered his family and sent him into slavery.,https://www.imdb.com/title/tt0172495/
Gisaengchung,Parazitlar,Greed and class discrimination threaten the newly formed symbiotic relationship between the wealthy Park family and the destitute Kim clan.,https://www.imdb.com/title/tt6751668/
Psycho,Psixo,A secretary on the run for embezzlement takes refuge at a secluded California motel owned by a repressed man and his overbearing mother.,https://www.imdb.com/title/tt0054215/
The Lion King,Qirol Sher,"Lion prince Simba and his father are targeted by his bitter uncle, who wants to ascend the throne himself.",https://www.imdb.com/title/tt0110357/
Hotaru no haka,Yaltiroq qo&apos;ng&apos;izlar qabri,A young boy and his little sister struggle to survive in Japan during World War II.,https://www.imdb.com/title/tt0095327/
The Departed,Murtadlar,An undercover cop and a mole in the police attempt to identify each other while infiltrating an Irish gang in South Boston.,https://www.imdb.com/title/tt0407887/
Whiplash,Musiqa ishtiyoqi,A promising young drummer enrolls at a cut-throat music conservatory where his dreams of greatness are mentored by an instructor who will stop at nothing to realize a student&apos;s potential.,https://www.imdb.com/title/tt2582802/
Seppuku,Xarakiri,"When a ronin requesting seppuku at a feudal lord&apos;s palace is told of the brutal suicide of another ronin who previously visited, he reveals how their pasts are intertwined - and in doing so challenges the clan&apos;s integrity.",https://www.imdb.com/title/tt0056058/
The Prestige,Prestij,Rival 19th-century magicians engage in a bitter battle for trade secrets.,https://www.imdb.com/title/tt0482571/
American History X,Amerika tarixi Iks,"Living a life marked by violence, neo-Nazi Derek finally goes to prison after killing two black youths. Upon his release, Derek vows to change; he hopes to prevent his brother, Danny, who idolizes Derek, from following in his foot...",https://www.imdb.com/title/tt0120586/
Léon,Leon,An Italian hit man protects a New York orphan.,https://www.imdb.com/title/tt0110413/
Spider-Man: Across the Spider-Verse,,"Traveling across the multiverse, Miles Morales meets a new team of Spider-People, made up of heroes from different dimensions. But when the heroes clash over how to deal with a new threat, Miles finds himself at a crossroads.",https://www.imdb.com/title/tt9362722/
Casablanca,Kasablanka,A cynical expatriate American cafe owner struggles to decide whether or not to help his former lover and her fugitive husband escape the Nazis in French Morocco.,https://www.imdb.com/title/tt0034583/
Nuovo Cinema Paradiso,Paradiso yangi kinoteatri,"Salvatore, a famous film director, returns to his hometown for the funeral of the local theater&apos;s film projectionist, Alfredo. He reminisces about his life as a young boy falling in love with cinema.",https://www.imdb.com/title/tt0095765/
The Usual Suspects,Shubhali shaxslar,The sole survivor of a pier shoot-out tells the story of how a notorious criminal influenced the events that began with five criminals meeting in a seemingly random police lineup.,https://www.imdb.com/title/tt0114814/
Intouchables,Qiyomatli do&apos;stlar,"After he becomes a quadriplegic from a paragliding accident, an aristocrat hires a young man from the projects to be his caregiver.",https://www.imdb.com/title/tt1675434/
Alien,Begona,"After investigating a mysterious transmission of unknown origin, the crew of a commercial spacecraft encounters a deadly lifeform.",https://www.imdb.com/title/tt0078748/
Modern Times,Yangi vaqtlar,The Tramp struggles to live in modern industrial society with the help of a young homeless woman.,https://www.imdb.com/title/tt0027977/
Rear Window,Deraza vo hovli,A bored photographer recovering from a broken leg passes the time by watching his neighbors and begins to suspect one of them of murder.,https://www.imdb.com/title/tt0047396/
C&apos;era una volta il West,Bir paytlar Yovvoyi G&apos;arbda,A mysterious stranger with a harmonica joins forces with a notorious desperado to protect a beautiful widow from a ruthless assassin working for the railroad.,https://www.imdb.com/title/tt0064116/
Django Unchained,Ozod Django,"With the help of a German bounty-hunter, a freed slave sets out to rescue his wife from a brutal plantation owner in Mississippi.",https://www.imdb.com/title/tt1853728/
City Lights,Katta shahar chiroqlari,"With the aid of a wealthy erratic tippler, a dewy-eyed tramp who has fallen in love with a sightless flower girl accumulates money to be able to help her medically.",https://www.imdb.com/title/tt0021749/
Apocalypse Now,Bugungi Apokalipsis,A U.S. Army officer serving in Vietnam is tasked with assassinating a renegade Special Forces Colonel who sees himself as a god.,https://www.imdb.com/title/tt0078788/
WALL·E,VALL·I,"A robot who is responsible for cleaning a waste-covered Earth meets another robot and falls in love with her. Together, they set out on a journey that will alter the fate of mankind.",https://www.imdb.com/title/tt0910970/
Memento,Eslab ko&apos;r,A former insurance investigator who now suffers from anterograde amnesia uses notes and tattoos to hunt down his wife&apos;s murderer.,https://www.imdb.com/title/tt0209144/
Dune: Part Two,Dyuna: Ikkinchi qism,"Paul Atreides unites with the Fremen while on a warpath of revenge against the conspirators who destroyed his family. Facing a choice between the love of his life and the fate of the universe, he endeavors to prevent a terrible fu...",https://www.imdb.com/title/tt15239678/
Raiders of the Lost Ark,Indiana Jons: Yo&apos;qolgan kemani qidirishda,"In 1936, archaeologist Indiana Jones is tasked by Army Intelligence to help locate a legendary ancient power, the Ark of Covenant, before the Nazis get it first.",https://www.imdb.com/title/tt0082971/
Avengers: Infinity War,Qasoskorlar: Abadiyat jangi,The Avengers and their allies must be willing to sacrifice all in an attempt to defeat the powerful Thanos before his blitz of devastation and ruin puts an end to the universe.,https://www.imdb.com/title/tt4154756/
Das Leben der Anderen,O&apos;zgalar hayoti,"In 1984 East Berlin, an agent of the secret police conducting surveillance on a writer and his lover finds himself becoming increasingly absorbed by their lives.",https://www.imdb.com/title/tt0405094/
Sunset Blvd.,Sanset bulvari,A screenwriter develops a dangerous relationship with a faded film star determined to make a triumphant return.,https://www.imdb.com/title/tt0043014/
Spider-Man: Into the Spider-Verse,O&apos;rgimchak-odam: Yondosh olamlar,Teen Miles Morales becomes the Spider-Man of his universe and must join with five spider-powered individuals from other dimensions to stop a threat for all realities.,https://www.imdb.com/title/tt4633694/
Witness for the Prosecution,,A veteran British barrister must defend his client in a murder trial that has surprise after surprise.,https://www.imdb.com/title/tt0051201/
Paths of Glory,Shon-sharaf yo&apos;llari,A colonel defends three of his soldiers in a court-martial after they abandon a suicidal attack.,https://www.imdb.com/title/tt0050825/
The Shining,Porlash,"A family heads to an isolated hotel for the winter, where a sinister presence influences the father into violence. At the same time, his psychic son sees horrifying forebodings from both the past and the future.",https://www.imdb.com/title/tt0081505/
The Great Dictator,Buyuk diktator,Dictator Adenoid Hynkel tries to expand his empire while a poor Jewish barber tries to avoid persecution from Hynkel&apos;s regime.,https://www.imdb.com/title/tt0032553/
12th Fail,12-muvaffaqiyatsizlik,The real-life story of IPS Officer Manoj Kumar Sharma and IRS Officer Shraddha Joshi.,https://www.imdb.com/title/tt23849204/
Inglourious Basterds,Manfur kimsalar,"In Nazi-occupied France during World War II, a plan to assassinate Nazi leaders by a group of Jewish U.S. soldiers coincides with a theatre owner&apos;s vengeful plans for the same.",https://www.imdb.com/title/tt0361748/
Aliens,Begona 2,"Decades after surviving the Nostromo incident, Ellen Ripley is sent out to re-establish contact with a terraforming colony but finds herself battling the Alien Queen and her offspring.",https://www.imdb.com/title/tt0090605/
The Dark Knight Rises,Qora ritsar: Afsonaning qaytishi,"Bane, an imposing terrorist, attacks Gotham City and disrupts its eight-year-long period of peace. This forces Bruce Wayne to come out of hiding and don the cape and cowl of Batman again.",https://www.imdb.com/title/tt1345836/
Coco,Koko siri,"Aspiring musician Miguel, confronted with his family&apos;s ancestral ban on music, enters the Land of the Dead to find his great-great-grandfather, a legendary singer.",https://www.imdb.com/title/tt2380307/
Amadeus,Amadey,"The life and work of Wolfgang Amadeus Mozart seen through the eyes of his contemporary and rival, Antonio Salieri.",https://www.imdb.com/title/tt0086879/
Avengers: Endgame,Qasoskorlar: Intiho,"After the devastating events of Qasoskorlar: Abadiyat jangi (2018), the universe is in ruins. With the help of remaining allies, the Avengers assemble once more in order to reverse Thanos&apos; actions and restore balance to the universe.",https://www.imdb.com/title/tt4154796/
Toy Story,O&apos;yinchoqlar hikoyasi,"A cowboy doll is profoundly jealous when a new spaceman action figure supplants him as the top toy in a boy&apos;s bedroom. When circumstances separate them from their owner, the duo have to put aside their differences to return to him.",https://www.imdb.com/title/tt0114709/
Good Will Hunting,Zakovatli Uill Xanting,"A therapist counsels Will Hunting, a janitor with a genius IQ.",https://www.imdb.com/title/tt0119217/
Dr. Strangelove or: How I Learned to Stop Worrying and Love the Bomb,"Doktor Strenjlav yoki qanday qilib qayg&apos;urishni to&apos;xtatib, atom bombasini sevishni o&apos;rganganim haqida","A mentally unstable American general orders a hydrogen bomb attack on the Soviet Union, triggering a path to global nuclear holocaust that a war room full of politicians and generals frantically tries to stop.",https://www.imdb.com/title/tt0057012/
Oldeuboi,Oldboy,"After being kidnapped and imprisoned for fifteen years, Oh Dae-Su is released, only to find that he must track down his captor in five days.",https://www.imdb.com/title/tt0364569/
Tengoku to jigoku,Jannat va do&apos;zax,An executive of a Yokohama shoe company becomes a victim of extortion when his chauffeur&apos;s son is kidnapped by mistake and held for ransom.,https://www.imdb.com/title/tt0057565/
Das Boot,Suvosti kemasi,A German U-boat stalks the frigid waters of the North Atlantic as its young crew experience the sheer terror and claustrophobic life of a submariner in World War II.,https://www.imdb.com/title/tt0082096/
Braveheart,Sheryurak,Scottish warrior William Wallace leads his countrymen in a rebellion to free his homeland from the tyranny of King Edward I of England.,https://www.imdb.com/title/tt0112573/
American Beauty,Amerikancha go&apos;zallik,A sexually frustrated suburban father has a mid-life crisis after becoming infatuated with his daughter&apos;s best friend.,https://www.imdb.com/title/tt0169547/
Kimi no na wa.,Sening isming.,"Two teenagers share a profound, magical connection upon discovering they are swapping bodies. Things manage to become even more complicated when the boy and girl decide to meet in person.",https://www.imdb.com/title/tt5311514/
Mononoke-hime,Malika Mononoke,"While seeking to cure himself of a curse, young warrior Ashitaka stumbles into a conflict between the people of Iron Town and Princess Mononoke, a girl raised by wolves, who will stop at nothing to prevent the destruction of her h...",https://www.imdb.com/title/tt0119698/
3 Idiots,Uch savdoyi,"Two friends are searching for their long lost companion. They revisit their college days and recall the memories of their friend who inspired them to think differently, even as the rest of the world called them &quot;idiots&quot;.",https://www.imdb.com/title/tt1187043/
Joker,,"Arthur Fleck, a party clown and a failed stand-up comedian, leads an impoverished life with his ailing mother. However, when society shuns him and brands him as a freak, he decides to embrace the life of chaos in Gotham City.",https://www.imdb.com/title/tt7286456/
Capharnaüm,Kapernaum,"While serving a five-year sentence for a violent crime, a 12-year-old boy sues his parents for neglect.",https://www.imdb.com/title/tt8267604/
Once Upon a Time in America,Bir zamonlar Amerikada,"A former Prohibition-era Jewish gangster returns to the Lower East Side of Manhattan 35 years later, where he must once again confront the ghosts and regrets of his old life.",https://www.imdb.com/title/tt0087843/
Singin&apos; in the Rain,Yomg&apos;ir ostidagi qo&apos;shiqchilar,A silent film star falls for a chorus girl just as he and his delusionally jealous screen partner are trying to make the difficult transition to talking pictures in 1920s Hollywood.,https://www.imdb.com/title/tt0045152/
Idi i smotri,Kel va ko&apos;r,"After finding an old rifle, a young boy joins the Soviet resistance movement against ruthless German forces and experiences the horrors of World War II.",https://www.imdb.com/title/tt0091251/
Requiem for a Dream,Orzular Marsiyasi,The drug-induced utopias of four Coney Island people are shattered when their addictions run deep.,https://www.imdb.com/title/tt0180093/
Star Wars: Episode VI - Return of the Jedi,Yulduzlar jangi: Epizod VI - Jedayning qaytishi,"After rescuing Han Solo from Jabba the Hutt, the Rebel Alliance attempts to destroy the second Death Star while Luke struggles to help Darth Vader back from the dark side.",https://www.imdb.com/title/tt0086190/
Toy Story 3,O&apos;yinchoqlar hikoyasi 3,"The toys are mistakenly delivered to a day-care center instead of the attic right before Andy leaves for college, and it&apos;s up to Woody to convince the other toys that they weren&apos;t abandoned and to return home.",https://www.imdb.com/title/tt0435761/
Jagten,Ov Daniya,"A teacher lives a lonely life, all the while struggling over his son&apos;s custody. His life slowly gets better as he finds love and receives good news from his son, but his new luck is about to be brutally shattered by an innocent li...",https://www.imdb.com/title/tt2106476/
Ikiru,Yashash,A bureaucrat tries to find meaning in his life after he discovers he has terminal cancer.,https://www.imdb.com/title/tt0044741/
Eternal Sunshine of the Spotless Mind,Beg&apos;ubor aqlning abadiy yorug&apos;ligi,"When their relationship turns sour, a couple undergoes a medical procedure to have each other erased from their memories forever.",https://www.imdb.com/title/tt0338013/
Incendies,Yong&apos;inlar,Twins journey to the Middle East to discover their family history and fulfill their mother&apos;s last wishes.,https://www.imdb.com/title/tt1255953/
The Apartment,Kvartira,"A Manhattan insurance clerk tries to rise in his company by letting its executives use his apartment for trysts, but office politics and his own romantic hopes complicate matters.",https://www.imdb.com/title/tt0053604/
2001: A Space Odyssey,2001-yil: Kosmik odissey,"When a mysterious artifact is uncovered on the Moon, a spacecraft manned by two humans and one supercomputer is sent to Jupiter to find its origins.",https://www.imdb.com/title/tt0062622/
Lawrence of Arabia,Arabistonlik Lourens,"The story of T.E. Lawrence, the English officer who successfully united and led the diverse, often warring, Arab tribes during World War I in order to fight the Turks.",https://www.imdb.com/title/tt0056172/
Reservoir Dogs,Quturgan itlar,"When a simple jewelry heist goes horribly wrong, the surviving criminals begin to suspect that one of them is a police informant.",https://www.imdb.com/title/tt0105236/
Scarface,Chandiq yuz,"In the 1980s, a determined criminal-minded Cuban immigrant becomes the biggest drug smuggler in Miami, and is eventually undone by his own drug addiction.",https://www.imdb.com/title/tt0086250/
Heat,To&apos;qnashuv,A group of high-end professional thieves start to feel the heat from the LAPD when they unknowingly leave a verbal clue at their latest heist.,https://www.imdb.com/title/tt0113277/
Double Indemnity,Ikki tomonlama sug&apos;urta,"An insurance representative is seduced by a dissatisfied housewife into a scheme of insurance fraud and murder that arouses the suspicion of his colleague, a claims investigator.",https://www.imdb.com/title/tt0036775/
North by Northwest,Shimoli-g&apos;arbiy orqali shimolga,"A New York City advertising executive goes on the run after being mistaken for a government agent by a group of foreign spies, and falls for a woman whose loyalties he begins to doubt.",https://www.imdb.com/title/tt0053125/
Up,Tepaga,"78-year-old Carl Fredricksen travels to South America in his house equipped with balloons, inadvertently taking a young stowaway.",https://www.imdb.com/title/tt1049413/
M - Eine Stadt sucht einen Mörder,M,"When the police in a German city are unable to catch a child-murderer, other criminals join in the manhunt.",https://www.imdb.com/title/tt0022100/
Citizen Kane,Fuqaro Keyn,"Following the death of publishing tycoon Charles Foster Kane, reporters scramble to uncover the meaning of his final utterance: &apos;Rosebud.&apos;",https://www.imdb.com/title/tt0033467/
Full Metal Jacket,To&apos;liqmetall qobiq,A pragmatic U.S. Marine observes the dehumanizing effects the Vietnam War has on his fellow recruits from their brutal boot camp training to the bloody street fighting in Hue.,https://www.imdb.com/title/tt0093058/
Vertigo,Bosh aylanishi,"A former San Francisco police detective juggles wrestling with his personal demons and becoming obsessed with the hauntingly beautiful woman he has been hired to trail, who may be deeply disturbed.",https://www.imdb.com/title/tt0052357/
Le fabuleux destin d&apos;Amélie Poulain,Ameli,"Despite being caught in her imaginative world, young waitress Amelie decides to help people find happiness. Her quest to spread joy leads her on a journey during which she finds true love.",https://www.imdb.com/title/tt0211915/
Taare Zameen Par,Yerdagi yulduzchalar,A young boy is thought to be nothing but a lazy troublemaker until the new art teacher has the patience and compassion to discover the real problem behind his struggles in school.,https://www.imdb.com/title/tt0986264/
Jodaeiye Nader az Simin,Ayriliq,A married couple are faced with a difficult decision - to improve the life of their child by moving to another country or to stay in Iran and look after a deteriorating parent who has Alzheimer&apos;s disease.,https://www.imdb.com/title/tt1832382/
To Kill a Mockingbird,Mazaxchini o&apos;ldirish,A widowed lawyer in Depression-era Alabama defends a black man against a false rape charge while teaching his young children about the sad reality of prejudice.,https://www.imdb.com/title/tt0056592/
Die Hard,O&apos;tda yonmas,"A New York City cop, John McClane, tries to save his estranged wife and several others taken hostage by terrorists during a Christmas Eve party at the Nakatomi Plaza Skyscraper in Los Angeles, California.",https://www.imdb.com/title/tt0095016/
Indiana Jones and the Last Crusade,Indiana Jons va oxirgi salib yurishi,"In 1938, after his father goes missing while pursuing the Holy Grail, Indiana Jones finds himself up against the Nazis again to stop them from obtaining its powers.",https://www.imdb.com/title/tt0097576/
The Sting,Tovlamachilik,Two grifters team up to pull off the ultimate con.,https://www.imdb.com/title/tt0070735/
A Clockwork Orange,,Alex DeLarge and his droogs barbarize a decaying near-future.,https://www.imdb.com/title/tt0066921/
Metropolis,,"In a futuristic city sharply divided between the working class and the city planners, the son of the city&apos;s mastermind falls in love with a working-class prophet who predicts the coming of a savior to mediate their differences.",https://www.imdb.com/title/tt0017136/
Oppenheimer,Oppengeymer,"A dramatization of the life story of J. Robert Oppenheimer, the physicist who had a large hand in the development of the atomic bombs that brought an end to World War II.",https://www.imdb.com/title/tt15398776/
Hababam Sinifi: Sinifta Kaldi,,A young and beautiful female teacher starts working in an all boys high school.,https://www.imdb.com/title/tt0252488/
Snatch,Katta kush,"Unscrupulous boxing promoters, violent bookmakers, a Russian gangster, incompetent amateur robbers and supposedly Jewish jewelers fight to track down a priceless stolen diamond.",https://www.imdb.com/title/tt0208092/
1917,,"April 6th, 1917. As an infantry battalion assembles to wage war deep in enemy territory, two soldiers are assigned to race against time and deliver a message that will stop 1,600 men from walking straight into a deadly trap.",https://www.imdb.com/title/tt8579674/
L.A. Confidential,Los-Anjeles sirlari,"As corruption grows in 1950s Los Angeles, three policemen - one strait-laced, one brutal, and one sleazy - investigate a series of murders with their own brand of justice.",https://www.imdb.com/title/tt0119488/
Ladri di biciclette,Velosiped o&apos;g&apos;rilari,"In post-war Italy, a working-class man&apos;s bicycle is stolen, endangering his efforts to find work. He and his son set out to find it.",https://www.imdb.com/title/tt0040522/
Der Untergang,,"Traudl Junge, the final secretary for Adolf Hitler, tells of the Nazi dictator&apos;s final days in his Berlin bunker at the end of WWII.",https://www.imdb.com/title/tt0363163/
Dangal,,"Mahavir Singh Phogat, a former wrestler, decides to fulfill his dream of winning a gold medal for his country by training his daughters for the Commonwealth Games despite the existing social stigmas.",https://www.imdb.com/title/tt5074352/
The Wolf of Wall Street,Uoll-strit bo&apos;risi,"Based on the true story of Jordan Belfort, from his rise to a wealthy stock-broker living the high life to his fall involving crime, corruption and the federal government.",https://www.imdb.com/title/tt0993846/
Hamilton,,"The real life of one of America&apos;s foremost founding fathers and first Secretary of the Treasury, Alexander Hamilton. Captured live on Broadway from the Richard Rodgers Theater with the original Broadway cast.",https://www.imdb.com/title/tt8503618/
Green Book,Yashil kitob,A working-class Italian-American bouncer becomes the driver for an African-American classical pianist on a tour of venues through the 1960s American South.,https://www.imdb.com/title/tt6966692/
Taxi Driver,Kirakash,"A mentally unstable veteran works as a nighttime taxi driver in New York City, where the perceived decadence and sleaze fuels his urge for violent action.",https://www.imdb.com/title/tt0075314/
The Truman Show,Truman tomoshasi,An insurance salesman begins to suspect that his whole life is actually some sort of reality TV show.,https://www.imdb.com/title/tt0120382/
Batman Begins,Betmen: Muqaddima,"After witnessing his parents&apos; death, billionaire Bruce Wayne learns the art of fighting to confront injustice. When he returns to Gotham as Batman, he must stop a secret society that intends to destroy the city.",https://www.imdb.com/title/tt0372784/
Per qualche dollaro in più,Bir nechta dollar ko&apos;proq,Two bounty killers with similar intentions but different motivations team up to track down a psychotic Mexican outlaw before he and his gang can carry out an audacious bank robbery.,https://www.imdb.com/title/tt0059578/
Judgment at Nuremberg,,"Fictionalized depiction of the 1947 Judges&apos; Trial, the third of 12 trials of Nazi war criminals conducted by the American occupying forces in Nuremberg, Germany, in which former judges of Nazi Germany were tried for their actions.",https://www.imdb.com/title/tt0055031/
Some Like It Hot,,"After two male musicians witness a mob hit, they flee the state in an all-female band disguised as women, but further complications set in.",https://www.imdb.com/title/tt0053291/
Shutter Island,La&apos;natlanganlar oroli,Two US marshals are sent to a mental institution on an inhospitable island in order to investigate the disappearance of a patient.,https://www.imdb.com/title/tt1130884/
The Kid,,"The Tramp cares for an abandoned child, but events put their relationship in jeopardy.",https://www.imdb.com/title/tt0012349/
The Father,Ota,"A man refuses all assistance from his daughter as he ages. When he tries to understand what is happening around him, he begins to doubt his loved ones, his own mind and even the fabric of his reality.",https://www.imdb.com/title/tt10272386/
Jurassic Park,Yura davriga sayohat,"An industrialist invites some experts to visit his theme park of cloned dinosaurs. After a power failure, the creatures run loose, putting everyone&apos;s lives, including his grandchildren&apos;s, in danger.",https://www.imdb.com/title/tt0107290/
All About Eve,,A seemingly timid but secretly ruthless ingénue insinuates herself into the lives of an aging Broadway star and her circle of theater friends.,https://www.imdb.com/title/tt0042192/
There Will Be Blood,,"A story of family, religion, hatred, oil and madness, focusing on a turn-of-the-century prospector in the early days of the business.",https://www.imdb.com/title/tt0469494/
The Sixth Sense,Oltinchi hissiyot,"After being shot by a resentful former patient whom he failed to help, a Philadelphia child psychologist seeks redemption by treating a young boy with a disturbing secret.",https://www.imdb.com/title/tt0167404/
Ran,,"In Medieval Japan, an elderly warlord retires, handing over his empire to his three sons. However, he vastly underestimates how the new-found power will corrupt them and cause them to turn on each other...and him.",https://www.imdb.com/title/tt0089881/
Casino,Kazino,"In Las Vegas, two best friends--a casino executive and a Mafia enforcer--compete for a gambling empire and a fast-living, fast-loving socialite.",https://www.imdb.com/title/tt0112641/
Top Gun: Maverick,Top Gan: Meverik,"The story involves Maverick confronting his past while training a group of younger Top Gun graduates, including the son of his deceased best friend, for a dangerous mission.",https://www.imdb.com/title/tt1745960/
No Country for Old Men,Qariyalarga bu yerda joy yo&apos;q,Violence and mayhem ensue after a hunter stumbles upon the aftermath of a drug deal gone wrong and over two million dollars in cash near the Rio Grande.,https://www.imdb.com/title/tt0477348/
The Thing,Nimadir,A research team in Antarctica is hunted by a shape-shifting alien that assumes the appearance of its victims.,https://www.imdb.com/title/tt0084787/
Unforgiven,Kechirilmagan,Retired Old West gunslinger Will Munny reluctantly takes on one last job to avenge an injustice with the help of his old partner and a young would-be gunman calling himself &quot;The Schofield Kid&quot;.,https://www.imdb.com/title/tt0105695/
El laberinto del fauno,Fafn labirinti,"In 1944 Spain, a girl is sent to live with her ruthless stepfather. During the night, she meets a fairy who takes her to an old faun. He tells her she&apos;s a princess, but must prove her royalty by surviving three gruesome tasks.",https://www.imdb.com/title/tt0457430/
Kill Bill: Vol. 1,Billning qotili,"After waking from a four-year coma, a former assassin wreaks vengeance on the team of assassins who betrayed her.",https://www.imdb.com/title/tt0266697/
A Beautiful Mind,Tafakkur o&apos;yinlari,"A mathematical genius, John Nash made an astonishing discovery early in his career and stood on the brink of international acclaim. But the handsome and arrogant Nash soon found himself on a harrowing journey of self-discovery.",https://www.imdb.com/title/tt0268978/
Prisoners,Asiralar,A desperate father takes the law into his own hands after police fail to find two kidnapped girls.,https://www.imdb.com/title/tt1392214/
The Treasure of the Sierra Madre,,Two down-on-their-luck Americans searching for work in 1920s Mexico convince an old prospector to help them mine for gold in the Sierra Madre Mountains.,https://www.imdb.com/title/tt0040897/
La meglio gioventù,,An Italian epic that follows the lives of two brothers from the 1960s to the 2000s.,https://www.imdb.com/title/tt0346336/
Yôjinbô,Tansoqchi,A crafty ronin comes to a town divided by two criminal gangs and decides to play them against each other to free the town.,https://www.imdb.com/title/tt0055630/
Finding Nemo,Nemoni izlab,"After his son is captured in the Great Barrier Reef and taken to Sydney, a timid clownfish sets out on a journey to bring him home.",https://www.imdb.com/title/tt0266543/
Hauru no ugoku shiro,,"When an unconfident young woman is cursed with an old body by a spiteful witch, her only chance of breaking the spell lies with a self-indulgent yet insecure young wizard and his companions in his legged, walking castle.",https://www.imdb.com/title/tt0347149/
The Great Escape,Katta qochish,Allied officers in a German prisoner of war camp during World War II make a daring plan for a mass escape by hundreds of POWs hoping to draw German personnel and resources away from combat operations.,https://www.imdb.com/title/tt0057115/
Monty Python and the Holy Grail,Monti Payton va muqaddas Graal,"King Arthur and his Knights of the Round Table embark on a surreal, low-budget search for the Holy Grail, encountering many, very silly obstacles.",https://www.imdb.com/title/tt0071853/
The Elephant Man,Fil odam,"A Victorian surgeon rescues a heavily disfigured man who is mistreated while scraping a living as a side-show freak. Behind his monstrous façade, there is revealed a person of kindness, intelligence and sophistication.",https://www.imdb.com/title/tt0080678/
Dial M for Murder,,"A London playboy plots the perfect murder of his rich, unfaithful Wife.",https://www.imdb.com/title/tt0046912/
Klaus,,"A simple act of kindness always sparks another, even in a frozen, faraway place. When Smeerensburg&apos;s new postman, Jesper, befriends toymaker Klaus, their gifts melt an age-old feud and deliver a sleigh full of holiday traditions.",https://www.imdb.com/title/tt4729430/
Gone with the Wind,Shamollarda qolgan hislarim,A sheltered and manipulative Southern belle and a roguish profiteer face off in a turbulent romance as the society around them crumbles with the end of slavery and is rebuilt during the Civil War and Reconstruction periods.,https://www.imdb.com/title/tt0031381/
El secreto de sus ojos,Sirli ko&apos;zlar,"A retired legal counselor writes a novel hoping to find closure for one of his past unresolved homicide cases, and for his unreciprocated love with his superior--both of which still haunt him decades later.",https://www.imdb.com/title/tt1305806/
Chinatown,Çin məhəlləsi,"A private detective hired to expose an adulterer in 1930s Los Angeles finds himself caught up in a web of deceit, corruption, and murder.",https://www.imdb.com/title/tt0071315/
"Lock, Stock and Two Smoking Barrels","Qarta, pul va ikki miltiq","When four small-time criminals lose a rigged poker game against a London kingpin, he gives them one week to settle their enormous debt.",https://www.imdb.com/title/tt0120735/
Rashômon,,"The rape of a bride and the murder of her samurai husband are recalled from the perspectives of a bandit, the bride, the samurai&apos;s ghost and a woodcutter.",https://www.imdb.com/title/tt0042876/
V for Vendetta,V - Vendetta demakdir,"In a future British dystopian society, a shadowy freedom fighter, known only by the alias of &quot;V&quot;, plots to overthrow the tyrannical government - with the help of a young woman.",https://www.imdb.com/title/tt0434409/
Inside Out,Boshqotirma,"After young Riley is uprooted from her Midwest life and moved to San Francisco, her emotions - Joy, Fear, Anger, Disgust and Sadness - conflict on how best to navigate a new city, house, and school.",https://www.imdb.com/title/tt2096673/
"Three Billboards Outside Ebbing, Missouri","Ebbing, Missuri chegarasidagi uch bilbord",A mother personally challenges the local authorities to solve her daughter&apos;s murder when they fail to catch the culprit.,https://www.imdb.com/title/tt5027774/
Catch Me If You Can,Qo&apos;lingdan kelsa tutib ol,"Barely 17 yet, Frank is a skilled forger who has passed as a doctor, lawyer and pilot. FBI agent Carl becomes obsessed with tracking down the con man, who only revels in the pursuit.",https://www.imdb.com/title/tt0264464/
Trainspotting,,"Renton, deeply immersed in the Edinburgh drug scene, tries to clean up and get out despite the allure of drugs and the influence of friends.",https://www.imdb.com/title/tt0117951/
The Bridge on the River Kwai,,"British POWs are forced to build a railway bridge across the river Kwai for their Japanese captors in occupied Burma, not knowing that the allied forces are planning a daring commando raid through the jungle to destroy it.",https://www.imdb.com/title/tt0050212/
Raging Bull,Quturgan buqa,"The life of boxer Jake LaMotta, whose violence and temper that led him to the top in the ring destroyed his life outside of it.",https://www.imdb.com/title/tt0081398/
The Wild Robot,Yovvoyi robot,"After a shipwreck, an intelligent robot called Roz is stranded on an uninhabited island. To survive the harsh environment, Roz bonds with the island&apos;s animals and cares for an orphaned baby goose.",https://www.imdb.com/title/tt29623480/
Harry Potter and the Deathly Hallows: Part 2,Garri Potter va Ajal tuhfasi: 2-qism,"As the battle between the forces of good and evil in the wizarding world escalates, Harry Potter draws ever closer to his final confrontation with Voldemort.",https://www.imdb.com/title/tt1201607/
Fargo,,Minnesota car salesman Jerry Lundegaard&apos;s inept crime falls apart due to his and his henchmen&apos;s bungling and the persistent police work of the quite pregnant Marge Gunderson.,https://www.imdb.com/title/tt0116282/
Warrior,Jangchi,"The youngest son of an alcoholic former boxer returns home, where he&apos;s trained by his father for competition in a mixed martial arts tournament - a path that puts the fighter on a collision course with his estranged, older brother.",https://www.imdb.com/title/tt1291584/
Gran Torino,,"After a Hmong teenager tries to steal his prized 1972 Gran Torino, a disgruntled, prejudiced Korean War veteran seeks to redeem both the boy and himself.",https://www.imdb.com/title/tt1205489/
Million Dollar Baby,Millionga teng qizaloq,"Frankie, an ill-tempered old coach, reluctantly agrees to train aspiring boxer Maggie. Impressed with her determination and talent, he helps her become the best and the two soon form a close bond.",https://www.imdb.com/title/tt0405159/
Ben-Hur,Ben-Xur,"A Jewish prince is betrayed and sent into slavery by a Roman friend in 1st-century Jerusalem, but it&apos;s not long before he regains his freedom and comes back for revenge.",https://www.imdb.com/title/tt0052618/
Mad Max: Fury Road,Telba Maks: G&apos;azab yo&apos;li,"In a post-apocalyptic wasteland, a woman rebels against a tyrannical ruler in search for her homeland with the aid of a group of female prisoners, a psychotic worshipper and a drifter named Max.",https://www.imdb.com/title/tt1392190/
Tonari no Totoro,Qo&apos;shnim Totoro,"When two girls move to the country to be near their ailing mother, they have adventures with the wondrous forest spirits who live nearby.",https://www.imdb.com/title/tt0096283/
Dead Poets Society,O&apos;lik shoirlar jamiyati,"Maverick teacher John Keating returns in 1959 to the prestigious New England boys&apos; boarding school where he was once a star student, using poetry to embolden his pupils to new heights of self-expression.",https://www.imdb.com/title/tt0097165/
Barry Lyndon,,An Irish rogue wins the heart of a rich widow and assumes her dead husband&apos;s aristocratic position in 18th-century England.,https://www.imdb.com/title/tt0072684/
Bacheha-ye aseman,,"After a boy loses his sister&apos;s pair of shoes, he goes on a series of adventures in order to find them. When he can&apos;t, he tries a new way to &quot;win&quot; a new pair.",https://www.imdb.com/title/tt0118849/
Hacksaw Ridge,Vijdon amri,"World War II American Army Medic Desmond T. Doss, serving during the Battle of Okinawa, refuses to kill people and becomes the first man in American history to receive the Medal of Honor without firing a shot.",https://www.imdb.com/title/tt2119532/
The Grand Budapest Hotel,Grand Budapesht mehmonxonasi,"A writer encounters the owner of an aging high-class hotel, who tells him of his early years serving as a lobby boy in the hotel&apos;s glorious years under an exceptional concierge.",https://www.imdb.com/title/tt2278388/
Spider-Man: No Way Home,O&apos;rgimchak-odam: Uyga yo&apos;l yo&apos;q,"With Spider-Man&apos;s identity now revealed, Peter asks Doctor Strange for help. When a spell goes wrong, dangerous foes from other worlds start to appear.",https://www.imdb.com/title/tt10872600/
12 Years a Slave,12 yil qullikda,"In the antebellum United States, Solomon Northup, a free black man from upstate New York, is abducted and sold into slavery.",https://www.imdb.com/title/tt2024544/
Before Sunrise,,"A young man and woman meet on a train in Europe, and wind up spending one evening together in Vienna. Unfortunately, both know that this will probably be their only night together.",https://www.imdb.com/title/tt0112471/
Blade Runner,Tig&apos;dor ovchilar,A blade runner must pursue and terminate four replicants who stole a ship in space and have returned to Earth to find their creator.,https://www.imdb.com/title/tt0083658/
Salinui chueok,Qotillik xotiralari,"In a small Korean province in 1986, two detectives struggle with the case of multiple young women being found raped and murdered by an unknown culprit.",https://www.imdb.com/title/tt0353969/
Gone Girl,Yo&apos;qotilgan qiz,The husband of a missing woman becomes the chief suspect in her disappearance.,https://www.imdb.com/title/tt2267998/
Ratatouille,Ratatuy,A rat who can cook makes an unusual alliance with a young kitchen worker at a famous Paris restaurant.,https://www.imdb.com/title/tt0382932/
How to Train Your Dragon,Ajdarni qanday bo&apos;ysuntirish mumkin,"A hapless young Viking who aspires to hunt dragons becomes the unlikely friend of a young dragon himself, and learns there may be more to the creatures than he assumed.",https://www.imdb.com/title/tt0892769/
"Monsters, Inc.",Mahluqlar uyushmasi,"In order to power the city, monsters have to scare children so that they scream. However, the children are toxic to the monsters, and after a child gets through, two monsters realize things may not be what they think.",https://www.imdb.com/title/tt0198781/
In the Name of the Father,Otaning nomidan,"An Irish man&apos;s coerced confession to an I.R.A. bombing he did not commit results in the imprisonment of his father as well. Meanwhile, a British lawyer fights to clear their names and free them.",https://www.imdb.com/title/tt0107207/
Jaws,Jag&apos;lar,"When a massive killer shark unleashes chaos on a beach community off Long Island, it&apos;s up to the local police chief, a marine biologist, and an old seafarer to hunt the beast down.",https://www.imdb.com/title/tt0073195/
Relatos salvajes,Yovvoyi hikoyalar,Six short stories that explore the extremities of human behavior involving people in distress.,https://www.imdb.com/title/tt3011894/
The Gold Rush,Oltin talvasasi,"A prospector goes to the Klondike during the 1890s gold rush in hopes of making his fortune, and is smitten with a girl he sees in a dance hall.",https://www.imdb.com/title/tt0015864/
Ford v Ferrari,Ford Ferrariga qarshi,American car designer Carroll Shelby and driver Ken Miles battle corporate interference and the laws of physics to build a revolutionary race car for Ford in order to defeat Ferrari at the 24 Hours of Le Mans in 1966.,https://www.imdb.com/title/tt1950186/
Sherlock Jr.,,"A film projectionist longs to be a detective, and puts his meagre skills to work when he is framed by a rival for stealing his girlfriend&apos;s father&apos;s pocketwatch.",https://www.imdb.com/title/tt0015324/
Mary and Max.,,"In 1976 Melbourne, a lonely 8-year-old girl strikes up a correspondence with an unlikely pen pal: a severely obese 44-year-old New Yorker with Asperger&apos;s syndrome.",https://www.imdb.com/title/tt0978762/
Le salaire de la peur,Qo&apos;rquv uchun to&apos;lov,"In a decrepit South American village, four men are hired to transport an urgent nitroglycerine shipment without the equipment that would make it safe.",https://www.imdb.com/title/tt0046268/
The Deer Hunter,Kiyik ovchisi,The lives of a group of friends are forever changed by the Vietnam War.,https://www.imdb.com/title/tt0077416/
The General,,"After being rejected by the Confederate military, not realizing it was due to his crucial civilian role, an engineer must single-handedly recapture his beloved locomotive after it is seized by Union spies and return it through ene...",https://www.imdb.com/title/tt0017925/
Mr. Smith Goes to Washington,Janob Smit Vashingtonga boradi,"A naive youth leader is appointed to fill a vacancy in the U.S. Senate. His idealistic plans promptly collide with corruption at home and subterfuge from his hero in Washington, but he tries to forge ahead despite attacks on his c...",https://www.imdb.com/title/tt0031679/
On the Waterfront,,"An ex-prize fighter turned New Jersey longshoreman struggles to stand up to his corrupt union bosses, including his older brother, as he starts to connect with the grieving sister of one of the syndicate&apos;s victims.",https://www.imdb.com/title/tt0047296/
Logan,,"In a future where mutants are nearly extinct, an elderly and weary Logan leads a quiet life. But when Laura, a mutant child pursued by scientists, comes to him for help, he must get her to safety.",https://www.imdb.com/title/tt3315342/
Rocky,Rokki,A small-time Philadelphia boxer gets a supremely rare chance to fight the world heavyweight champion in a bout in which he strives to go the distance for his self-respect.,https://www.imdb.com/title/tt0075148/
Smultronstället,,"After living a life marked by coldness, an aging professor is forced to confront the emptiness of his existence.",https://www.imdb.com/title/tt0050986/
Tôkyô monogatari,,"An old couple visit their children and grandchildren in the city, but receive little attention.",https://www.imdb.com/title/tt0046438/
The Third Man,,"Pulp novelist Holly Martins travels to shadowy, postwar Vienna, only to find himself investigating the mysterious death of an old friend, Harry Lime.",https://www.imdb.com/title/tt0041959/
Spotlight,Diqqat markazida,"The true story of how the Boston Globe uncovered the massive scandal of child molestation and cover-up within the local Catholic Archdiocese, shaking the entire Catholic Church to its core.",https://www.imdb.com/title/tt1895587/
Maharaja,,"A barber seeks vengeance after his home is burglarized, cryptically telling police his &quot;lakshmi&quot; has been taken, leaving them uncertain if it&apos;s a person or object. His quest to recover the elusive &quot;lakshmi&quot; unfolds.",https://www.imdb.com/title/tt26548265/
Pirates of the Caribbean: The Curse of the Black Pearl,Karib dengizi qaroqchilari: Qora Marvarid tavqi lan&apos;ati,"Blacksmith Will Turner teams up with eccentric pirate &quot;Captain&quot; Jack Sparrow to save Elizabeth Swann, the governor&apos;s daughter and his love, from Jack&apos;s former pirate allies, who are now undead.",https://www.imdb.com/title/tt0325980/
The Terminator,Terminator,A cyborg assassin from the future attempts to find and kill a young woman who is destined to give birth to a warrior that will lead a resistance to save humankind from extinction.,https://www.imdb.com/title/tt0088247/
The Big Lebowski,Katta Lebovski,"Jeff &quot;The Dude&quot; Lebowski, mistaken for a millionaire of the same name, seeks restitution for his ruined rug and enlists his bowling buddies to help get it.",https://www.imdb.com/title/tt0118715/
La haine,,24 hours in the lives of three young men in the French suburbs the day after a violent riot.,https://www.imdb.com/title/tt0113247/
Det sjunde inseglet,,"A knight returning to Sweden after the Crusades seeks answers about life, death, and the existence of God as he plays chess against the Grim Reaper during the Black Plague.",https://www.imdb.com/title/tt0050976/
Room,Xona,"A little boy is held captive in a room with his mother since his birth, so he has never known the world outside.",https://www.imdb.com/title/tt3170832/
Jai Bhim,,"When a tribal man is arrested for a case of alleged theft, his wife turns to a human-rights lawyer to help bring justice.",https://www.imdb.com/title/tt15097216/
Hotel Rwanda,Ruanda mehmonxonasi,"Paul Rusesabagina, a hotel manager, houses over a thousand Tutsi refugees during their struggle against the Hutu militia in Rwanda, Africa.",https://www.imdb.com/title/tt0395169/
Platoon,Vzvod,"Chris Taylor, a neophyte recruit in Vietnam, finds himself caught in a battle of wills between two sergeants, one good and the other evil. A shrewd examination of the brutality of war and the duality of man in conflict.",https://www.imdb.com/title/tt0091763/
The Best Years of Our Lives,Hayotimizning eng yaxshi yillari,"Three World War II veterans, two of them traumatized or disabled, return home to the American Midwest to discover that they and their families have been irreparably changed.",https://www.imdb.com/title/tt0036868/
Before Sunset,,"Nine years after Jesse and Celine first met, they encounter each other again on the French leg of Jesse&apos;s book tour.",https://www.imdb.com/title/tt0381681/
The Sound of Music,Musiqa tovushi,A young novice is sent by her convent in 1930s Austria to become a governess to the seven children of a widowed naval officer.,https://www.imdb.com/title/tt0059742/
The Exorcist,Shayton haydovchi,"When a mysterious entity possesses a young girl, her mother seeks the help of two Catholic priests to save her life.",https://www.imdb.com/title/tt0070047/
The Incredibles,Ajabtovur oila,"While trying to lead a quiet suburban life, a family of undercover superheroes are forced into action to save the world.",https://www.imdb.com/title/tt0317705/
Hachi: A Dog&apos;s Tale,,"Professor Wilson discovers a lost Akita puppy on his way home. Despite objections from his wife, Hachi endears himself to the family and grows to be Parker&apos;s loyal companion. As their bond grows deeper, a beautiful relationship un...",https://www.imdb.com/title/tt1028532/
Rush,Poyga,"James Hunt and Niki Lauda, two extremely skilled Formula One racers, have an intense rivalry with each other. However, it is their enmity that pushes them to their limits.",https://www.imdb.com/title/tt1979320/
The Wizard of Oz,Oz mamlakati sehrgari,"Young Dorothy Gale and her dog Toto are swept away by a tornado from their Kansas farm to the magical Land of Oz and embark on a quest with three new friends to see the Wizard, who can return her to her home and fulfill the others...",https://www.imdb.com/title/tt0032138/
La passion de Jeanne d&apos;Arc,,"In 1431, Jeanne d&apos;Arc is placed on trial on charges of heresy, and the ecclesiastical jurists attempt to force her to recant her claims of holy visions.",https://www.imdb.com/title/tt0019254/
Stand by Me,Men bilan qoling,A writer recounts a childhood journey with his friends to find the body of a missing boy.,https://www.imdb.com/title/tt0092005/
Koe no katachi,Ovoz shakli,"A deaf girl, Shoko, is bullied by the popular Shoya. As Shoya continues to bully Shoko, the class turns its back on him. Shoko transfers and Shoya grows up as an outcast. Alone and depressed, the regretful Shoya finds Shoko to mak...",https://www.imdb.com/title/tt5323662/
Babam ve Oglum,Otam va o&apos;g&apos;lim,The family of a left-wing journalist is torn apart after the military coup of Turkey in 1980.,https://www.imdb.com/title/tt0476735/
The Iron Giant,,A young boy befriends a giant robot from outer space that a paranoid government agent wants to destroy.,https://www.imdb.com/title/tt0129167/
Network,Teletarmog&apos;i,"A television network cynically exploits a deranged former anchor&apos;s ravings and revelations about mass media for its own profit, but finds that his message may be difficult to control.",https://www.imdb.com/title/tt0074958/
Ah-ga-ssi,Cho&apos;ri,"In 1930s Korea, a girl is hired as a handmaiden to a Japanese heiress who lives a secluded life on a countryside estate. But the maid has a secret: She is a pickpocket recruited by a swindler to help seduce the Lady and steal her ...",https://www.imdb.com/title/tt4016934/
La battaglia di Algeri,Jazoir jangi,"In the 1950s, fear and violence escalate as the people of Algiers fight for independence from the French government.",https://www.imdb.com/title/tt0058946/
The Grapes of Wrath,G&apos;azab bir guruhlari,"An Oklahoma family, driven off their farm by the poverty and hopelessness of the Dust Bowl, joins the westward migration to California, suffering the misfortunes of the homeless in the Great Depression.",https://www.imdb.com/title/tt0032551/
To Be or Not to Be,,"During the German occupation of Poland, an acting troupe becomes embroiled in a Polish soldier&apos;s efforts to track down a German spy.",https://www.imdb.com/title/tt0035446/
Into the Wild,,"After graduating from Emory University, top student and athlete Christopher McCandless abandons his possessions, gives his entire $24,000 savings account to charity and hitchhikes to Alaska to live in the wilderness.",https://www.imdb.com/title/tt0758758/
Groundhog Day,Sug&apos;ur kuni,"A narcissistic, self-centered weatherman finds himself in a time loop on Groundhog Day.",https://www.imdb.com/title/tt0107048/
The Help,Oqsoch,"An aspiring author during the civil rights movement of the 1960s decides to write a book detailing the African American maids&apos; point of view on the white families for which they work, and the hardships they go through on a daily b...",https://www.imdb.com/title/tt1454029/
Gekijô-ban Kimetsu no Yaiba Mugen Ressha-hen,,"After his family was brutally murdered and his sister turned into a demon, Tanjiro Kamado&apos;s journey as a demon slayer began. Tanjiro and his comrades embark on a new mission aboard the Mugen Train, on track to despair.",https://www.imdb.com/title/tt11032374/
Drishyam,Noo&apos;rin shubha,"Desperate measures are taken by a man who tries to save his family from the dark side of the law, after they commit an unexpected crime.",https://www.imdb.com/title/tt4430212/
Gangs of Wasseypur,,"A clash between Sultan and Shahid Khan leads to the expulsion of Khan from Wasseypur, and ignites a deadly blood feud spanning three generations.",https://www.imdb.com/title/tt1954470/
