Title,Year,Rating,Votes,Genres,Directors,Top_Cast,Runtime_Minutes,Gross_Worldwide,URL
The Shawshank Redemption,1994.0,9.3,3078590,['Drama'],['Frank Darabont'],"['Tim Robbins', 'Morgan Freeman', 'Bob Gunton']",142.0,,https://www.imdb.com/title/tt0111161/
The Godfather,1972.0,9.2,2147278,"['Crime', 'Drama']",['Francis Ford Coppola'],"['Marlon Brando', 'Al Pacino', 'James Caan']",175.0,,https://www.imdb.com/title/tt0068646/
The Dark Knight,2008.0,9.1,3053065,"['Action', 'Crime', 'Drama']",['Christopher Nolan'],"['Christian Bale', 'Heath Ledger', 'Aaron Eckhart']",152.0,,https://www.imdb.com/title/tt0468569/
The Godfather Part II,1974.0,9.0,1444184,"['Crime', 'Drama']",['Francis Ford Coppola'],"['Al Pacino', 'Robert De Niro', 'Robert Duvall']",202.0,,https://www.imdb.com/title/tt0071562/
12 Angry Men,1957.0,9.0,940516,"['Crime', 'Drama']",['Sidney Lumet'],"['Henry Fonda', 'Lee J. Cobb', 'Martin Balsam']",96.0,,https://www.imdb.com/title/tt0050083/
The Lord of the Rings: The Return of the King,2004.0,9.0,2096719,"['Adventure', 'Drama', 'Fantasy']",['Peter Jackson'],"['Elijah Wood', 'Viggo Mortensen', 'Ian McKellen']",201.0,,https://www.imdb.com/title/tt0167260/
Schindler&apos;s List,1994.0,9.0,1538026,"['Biography', 'Drama', 'History']",['Steven Spielberg'],"['Liam Neeson', 'Ralph Fiennes', 'Ben Kingsley']",195.0,,https://www.imdb.com/title/tt0108052/
Pulp Fiction,1994.0,8.8,2356959,"['Crime', 'Drama']",['Quentin Tarantino'],"['John Travolta', 'Uma Thurman', 'Samuel L. Jackson']",154.0,,https://www.imdb.com/title/tt0110912/
The Lord of the Rings: The Fellowship of the Ring,2002.0,8.9,2128850,"['Adventure', 'Drama', 'Fantasy']",['Peter Jackson'],"['Elijah Wood', 'Ian McKellen', 'Orlando Bloom']",178.0,,https://www.imdb.com/title/tt0120737/
"Il buono, il brutto, il cattivo",1966.0,8.8,863692,"['Adventure', 'Drama', 'Western']",['Sergio Leone'],"['Clint Eastwood', 'Eli Wallach', 'Lee Van Cleef']",161.0,,https://www.imdb.com/title/tt0060196/
Forrest Gump,1994.0,8.8,2404410,"['Drama', 'Romance']",['Robert Zemeckis'],"['Tom Hanks', 'Robin Wright', 'Gary Sinise']",142.0,,https://www.imdb.com/title/tt0109830/
The Lord of the Rings: The Two Towers,2003.0,8.8,1891114,"['Adventure', 'Drama', 'Fantasy']",['Peter Jackson'],"['Elijah Wood', 'Ian McKellen', 'Viggo Mortensen']",179.0,,https://www.imdb.com/title/tt0167261/
Fight Club,1999.0,8.8,2496814,"['Crime', 'Drama', 'Thriller']",['David Fincher'],"['Brad Pitt', 'Edward Norton', 'Meat Loaf']",139.0,,https://www.imdb.com/title/tt0137523/
Inception,2010.0,8.8,2712523,"['Action', 'Adventure', 'Sci-Fi']",['Christopher Nolan'],"['Leonardo DiCaprio', 'Joseph Gordon-Levitt', 'Elliot Page']",148.0,,https://www.imdb.com/title/tt1375666/
Star Wars: Episode V - The Empire Strikes Back,1980.0,8.7,1457871,"['Action', 'Adventure', 'Fantasy']",['Irvin Kershner'],"['Mark Hamill', 'Harrison Ford', 'Carrie Fisher']",124.0,,https://www.imdb.com/title/tt0080684/
The Matrix,1999.0,8.7,2175014,"['Action', 'Sci-Fi']","['Lana Wachowski', 'Lilly Wachowski']","['Keanu Reeves', 'Laurence Fishburne', 'Carrie-Anne Moss']",136.0,,https://www.imdb.com/title/tt0133093/
GoodFellas,1990.0,8.7,1340690,"['Biography', 'Crime', 'Drama']",['Martin Scorsese'],"['Robert De Niro', 'Ray Liotta', 'Joe Pesci']",145.0,,https://www.imdb.com/title/tt0099685/
Interstellar,2014.0,8.7,2382052,"['Adventure', 'Drama', 'Sci-Fi']",['Christopher Nolan'],"['Matthew McConaughey', 'Anne Hathaway', 'Jessica Chastain']",169.0,,https://www.imdb.com/title/tt0816692/
One Flew Over the Cuckoo&apos;s Nest,1975.0,8.7,1126525,['Drama'],['Milos Forman'],"['Jack Nicholson', 'Louise Fletcher', 'Michael Berryman']",133.0,,https://www.imdb.com/title/tt0073486/
Se7en,1995.0,8.6,1933929,"['Crime', 'Drama', 'Mystery']",['David Fincher'],"['Morgan Freeman', 'Brad Pitt', 'Kevin Spacey']",127.0,,https://www.imdb.com/title/tt0114369/
It&apos;s a Wonderful Life,1947.0,8.6,532152,"['Drama', 'Family', 'Fantasy']",['Frank Capra'],"['James Stewart', 'Donna Reed', 'Lionel Barrymore']",130.0,,https://www.imdb.com/title/tt0038650/
The Silence of the Lambs,1991.0,8.6,1652974,"['Crime', 'Drama', 'Horror']",['Jonathan Demme'],"['Jodie Foster', 'Anthony Hopkins', 'Scott Glenn']",118.0,,https://www.imdb.com/title/tt0102926/
Shichinin no samurai,1954.0,8.6,388869,"['Action', 'Drama']",['Akira Kurosawa'],"['Toshirô Mifune', 'Takashi Shimura', 'Keiko Tsushima']",207.0,,https://www.imdb.com/title/tt0047478/
Saving Private Ryan,1998.0,8.6,1584810,"['Drama', 'War']",['Steven Spielberg'],"['Tom Hanks', 'Matt Damon', 'Tom Sizemore']",169.0,,https://www.imdb.com/title/tt0120815/
The Green Mile,1999.0,8.6,1501883,"['Crime', 'Drama', 'Fantasy']",['Frank Darabont'],"['Tom Hanks', 'Michael Clarke Duncan', 'David Morse']",189.0,,https://www.imdb.com/title/tt0120689/
Cidade de Deus,2002.0,8.6,845009,"['Crime', 'Drama']","['Fernando Meirelles', 'Kátia Lund']","['Alexandre Rodrigues', 'Leandro Firmino', 'Matheus Nachtergaele']",130.0,,https://www.imdb.com/title/tt0317248/
La vita è bella,1997.0,8.6,785770,"['Comedy', 'Drama', 'Romance']",['Roberto Benigni'],"['Roberto Benigni', 'Nicoletta Braschi', 'Giorgio Cantarini']",116.0,,https://www.imdb.com/title/tt0118799/
Terminator 2: Judgment Day,1991.0,8.6,1244296,"['Action', 'Adventure', 'Sci-Fi']",['James Cameron'],"['Arnold Schwarzenegger', 'Linda Hamilton', 'Edward Furlong']",137.0,,https://www.imdb.com/title/tt0103064/
Star Wars,1977.0,8.6,1524765,"['Action', 'Adventure', 'Fantasy']",['George Lucas'],"['Mark Hamill', 'Harrison Ford', 'Carrie Fisher']",121.0,,https://www.imdb.com/title/tt0076759/
Back to the Future,1985.0,8.5,1393371,"['Adventure', 'Comedy', 'Sci-Fi']",['Robert Zemeckis'],"['Michael J. Fox', 'Christopher Lloyd', 'Lea Thompson']",116.0,,https://www.imdb.com/title/tt0088763/
Sen to Chihiro no kamikakushi,2001.0,8.6,923164,"['Animation', 'Adventure', 'Family']",['Hayao Miyazaki'],"['Daveigh Chase', 'Suzanne Pleshette', 'Miyu Irino']",124.0,,https://www.imdb.com/title/tt0245429/
The Pianist,2002.0,8.5,977748,"['Biography', 'Drama', 'Music']",['Roman Polanski'],"['Adrien Brody', 'Thomas Kretschmann', 'Frank Finlay']",150.0,,https://www.imdb.com/title/tt0253474/
Gladiator,2000.0,8.5,1781143,"['Action', 'Adventure', 'Drama']",['Ridley Scott'],"['Russell Crowe', 'Joaquin Phoenix', 'Connie Nielsen']",155.0,,https://www.imdb.com/title/tt0172495/
Gisaengchung,2019.0,8.5,1085692,"['Drama', 'Thriller']",['Bong Joon Ho'],"['Song Kang-ho', 'Lee Sun-kyun', 'Cho Yeo-jeong']",132.0,,https://www.imdb.com/title/tt6751668/
Psycho,1960.0,8.5,759610,"['Drama', 'Horror', 'Mystery']",['Alfred Hitchcock'],"['Anthony Perkins', 'Janet Leigh', 'Vera Miles']",109.0,,https://www.imdb.com/title/tt0054215/
The Lion King,,8.5,1215259,"['Animation', 'Adventure', 'Drama']","['Roger Allers', 'Rob Minkoff']","['Matthew Broderick', 'Jeremy Irons', 'James Earl Jones']",88.0,,https://www.imdb.com/title/tt0110357/
Hotaru no haka,1988.0,8.5,357120,"['Animation', 'Drama', 'War']",['Isao Takahata'],"['Tsutomu Tatsumi', 'Ayano Shiraishi', 'Akemi Yamaguchi']",88.0,,https://www.imdb.com/title/tt0095327/
The Departed,2006.0,8.5,1502082,"['Crime', 'Drama', 'Thriller']",['Martin Scorsese'],"['Leonardo DiCaprio', 'Matt Damon', 'Jack Nicholson']",151.0,,https://www.imdb.com/title/tt0407887/
Whiplash,2014.0,8.5,1090292,"['Drama', 'Music']",['Damien Chazelle'],"['Miles Teller', 'J.K. Simmons', 'Melissa Benoist']",106.0,,https://www.imdb.com/title/tt2582802/
Seppuku,1962.0,8.6,81931,"['Drama', 'Mystery']",['Masaki Kobayashi'],"['Tatsuya Nakadai', 'Akira Ishihama', 'Shima Iwashita']",133.0,,https://www.imdb.com/title/tt0056058/
The Prestige,2006.0,8.5,1530733,"['Drama', 'Mystery', 'Sci-Fi']",['Christopher Nolan'],"['Christian Bale', 'Hugh Jackman', 'Scarlett Johansson']",130.0,,https://www.imdb.com/title/tt0482571/
American History X,1998.0,8.5,1240262,"['Crime', 'Drama']",['Tony Kaye'],"['Edward Norton', 'Edward Furlong', 'Beverly D&apos;Angelo']",119.0,,https://www.imdb.com/title/tt0120586/
Léon,1994.0,8.5,1313326,"['Action', 'Crime', 'Drama']",['Luc Besson'],"['Jean Reno', 'Gary Oldman', 'Natalie Portman']",110.0,,https://www.imdb.com/title/tt0110413/
Spider-Man: Across the Spider-Verse,2023.0,8.5,471488,"['Animation', 'Action', 'Adventure']","['Joaquim Dos Santos', 'Kemp Powers', 'Justin K. Thompson']","['Shameik Moore', 'Hailee Steinfeld', 'Brian Tyree Henry']",140.0,,https://www.imdb.com/title/tt9362722/
Casablanca,1943.0,8.5,637280,"['Drama', 'Romance', 'War']",['Michael Curtiz'],"['Humphrey Bogart', 'Ingrid Bergman', 'Paul Henreid']",102.0,,https://www.imdb.com/title/tt0034583/
Nuovo Cinema Paradiso,1988.0,8.5,304775,"['Drama', 'Romance']",['Giuseppe Tornatore'],"['Philippe Noiret', 'Enzo Cannavale', 'Antonella Attili']",174.0,,https://www.imdb.com/title/tt0095765/
The Usual Suspects,1995.0,8.5,1199318,"['Crime', 'Drama', 'Mystery']",['Bryan Singer'],"['Kevin Spacey', 'Gabriel Byrne', 'Chazz Palminteri']",106.0,,https://www.imdb.com/title/tt0114814/
Intouchables,2011.0,8.5,988488,"['Comedy', 'Drama']","['Olivier Nakache', 'Éric Toledano']","['François Cluzet', 'Omar Sy', 'Anne Le Ny']",112.0,,https://www.imdb.com/title/tt1675434/
Alien,1979.0,8.5,1026126,"['Horror', 'Sci-Fi']",['Ridley Scott'],"['Sigourney Weaver', 'Tom Skerritt', 'John Hurt']",117.0,,https://www.imdb.com/title/tt0078748/
Modern Times,1936.0,8.5,275666,"['Comedy', 'Drama', 'Romance']",['Charles Chaplin'],"['Charles Chaplin', 'Paulette Goddard', 'Henry Bergman']",87.0,,https://www.imdb.com/title/tt0027977/
Rear Window,1954.0,8.5,552473,"['Drama', 'Mystery', 'Thriller']",['Alfred Hitchcock'],"['James Stewart', 'Grace Kelly', 'Wendell Corey']",112.0,,https://www.imdb.com/title/tt0047396/
C&apos;era una volta il West,1968.0,8.5,372157,"['Drama', 'Western']",['Sergio Leone'],"['Henry Fonda', 'Charles Bronson', 'Claudia Cardinale']",166.0,,https://www.imdb.com/title/tt0064116/
Django Unchained,2012.0,8.5,1810352,"['Drama', 'Western']",['Quentin Tarantino'],"['Jamie Foxx', 'Christoph Waltz', 'Leonardo DiCaprio']",165.0,,https://www.imdb.com/title/tt1853728/
City Lights,1931.0,8.5,208844,"['Comedy', 'Drama', 'Romance']",['Charles Chaplin'],"['Charles Chaplin', 'Virginia Cherrill', 'Florence Lee']",87.0,,https://www.imdb.com/title/tt0021749/
Apocalypse Now,1979.0,8.4,748511,"['Drama', 'Mystery', 'War']",['Francis Ford Coppola'],"['Martin Sheen', 'Marlon Brando', 'Robert Duvall']",147.0,,https://www.imdb.com/title/tt0078788/
WALL·E,2008.0,8.4,1273787,"['Animation', 'Adventure', 'Family']",['Andrew Stanton'],"['Ben Burtt', 'Elissa Knight', 'Jeff Garlin']",98.0,,https://www.imdb.com/title/tt0910970/
Memento,2001.0,8.4,1391339,"['Drama', 'Mystery', 'Thriller']",['Christopher Nolan'],"['Guy Pearce', 'Carrie-Anne Moss', 'Joe Pantoliano']",113.0,,https://www.imdb.com/title/tt0209144/
Dune: Part Two,2024.0,8.5,653807,"['Action', 'Adventure', 'Drama']",['Denis Villeneuve'],"['Timothée Chalamet', 'Zendaya', 'Rebecca Ferguson']",166.0,,https://www.imdb.com/title/tt15239678/
Raiders of the Lost Ark,1981.0,8.4,1082870,"['Action', 'Adventure']",['Steven Spielberg'],"['Harrison Ford', 'Karen Allen', 'Paul Freeman']",115.0,,https://www.imdb.com/title/tt0082971/
Avengers: Infinity War,2018.0,8.4,1306917,"['Action', 'Adventure', 'Sci-Fi']","['Anthony Russo', 'Joe Russo']","['Robert Downey Jr.', 'Chris Hemsworth', 'Mark Ruffalo']",149.0,,https://www.imdb.com/title/tt4154756/
Das Leben der Anderen,2006.0,8.4,430936,"['Drama', 'Mystery', 'Thriller']",['Florian Henckel von Donnersmarck'],"['Ulrich Mühe', 'Martina Gedeck', 'Sebastian Koch']",137.0,,https://www.imdb.com/title/tt0405094/
Sunset Blvd.,1950.0,8.4,251186,"['Drama', 'Film-Noir']",['Billy Wilder'],"['William Holden', 'Gloria Swanson', 'Erich von Stroheim']",110.0,,https://www.imdb.com/title/tt0043014/
Spider-Man: Into the Spider-Verse,2018.0,8.4,744051,"['Animation', 'Action', 'Adventure']","['Bob Persichetti', 'Peter Ramsey', 'Rodney Rothman']","['Shameik Moore', 'Jake Johnson', 'Hailee Steinfeld']",117.0,,https://www.imdb.com/title/tt4633694/
Witness for the Prosecution,1958.0,8.4,152290,"['Crime', 'Drama', 'Mystery']",['Billy Wilder'],"['Tyrone Power', 'Marlene Dietrich', 'Charles Laughton']",116.0,,https://www.imdb.com/title/tt0051201/
Paths of Glory,1957.0,8.4,228684,"['Drama', 'War']",['Stanley Kubrick'],"['Kirk Douglas', 'Ralph Meeker', 'Adolphe Menjou']",88.0,,https://www.imdb.com/title/tt0050825/
The Shining,1980.0,8.4,1178158,"['Drama', 'Horror']",['Stanley Kubrick'],"['Jack Nicholson', 'Shelley Duvall', 'Danny Lloyd']",146.0,,https://www.imdb.com/title/tt0081505/
The Great Dictator,1941.0,8.4,250804,"['Comedy', 'Drama', 'War']",['Charles Chaplin'],"['Charles Chaplin', 'Paulette Goddard', 'Jack Oakie']",125.0,,https://www.imdb.com/title/tt0032553/
12th Fail,2023.0,8.7,153107,"['Biography', 'Drama']",['Vidhu Vinod Chopra'],"['Vikrant Massey', 'Medha Shankr', 'Anant Joshi']",147.0,,https://www.imdb.com/title/tt23849204/
Inglourious Basterds,2009.0,8.4,1704372,"['Adventure', 'Drama', 'War']",['Quentin Tarantino'],"['Brad Pitt', 'Diane Kruger', 'Eli Roth']",153.0,,https://www.imdb.com/title/tt0361748/
Aliens,1986.0,8.4,815220,"['Action', 'Adventure', 'Horror']",['James Cameron'],"['Sigourney Weaver', 'Michael Biehn', 'Carrie Henn']",137.0,,https://www.imdb.com/title/tt0090605/
The Dark Knight Rises,2012.0,8.4,1931285,"['Action', 'Crime', 'Drama']",['Christopher Nolan'],"['Christian Bale', 'Tom Hardy', 'Anne Hathaway']",164.0,,https://www.imdb.com/title/tt1345836/
Coco,2017.0,8.4,662139,"['Animation', 'Adventure', 'Drama']","['Lee Unkrich', 'Adrian Molina']","['Anthony Gonzalez', 'Gael García Bernal', 'Benjamin Bratt']",105.0,,https://www.imdb.com/title/tt2380307/
Amadeus,1984.0,8.4,452627,"['Biography', 'Drama', 'Music']",['Milos Forman'],"['F. Murray Abraham', 'Tom Hulce', 'Elizabeth Berridge']",160.0,,https://www.imdb.com/title/tt0086879/
Avengers: Endgame,2019.0,8.4,1378834,"['Action', 'Adventure', 'Sci-Fi']","['Anthony Russo', 'Joe Russo']","['Robert Downey Jr.', 'Chris Evans', 'Mark Ruffalo']",181.0,,https://www.imdb.com/title/tt4154796/
Toy Story,1995.0,8.3,1133803,"['Animation', 'Adventure', 'Comedy']",['John Lasseter'],"['Tom Hanks', 'Tim Allen', 'Don Rickles']",81.0,,https://www.imdb.com/title/tt0114709/
Good Will Hunting,1998.0,8.3,1151694,"['Drama', 'Romance']",['Gus Van Sant'],"['Robin Williams', 'Matt Damon', 'Ben Affleck']",126.0,,https://www.imdb.com/title/tt0119217/
Dr. Strangelove or: How I Learned to Stop Worrying and Love the Bomb,1964.0,8.3,541399,"['Comedy', 'War']",['Stanley Kubrick'],"['Peter Sellers', 'George C. Scott', 'Sterling Hayden']",95.0,,https://www.imdb.com/title/tt0057012/
Oldeuboi,2003.0,8.3,688138,"['Action', 'Drama', 'Mystery']",['Park Chan-wook'],"['Choi Min-sik', 'Yoo Ji-tae', 'Kang Hye-jeong']",120.0,,https://www.imdb.com/title/tt0364569/
Tengoku to jigoku,1963.0,8.4,62381,"['Crime', 'Drama', 'Mystery']",['Akira Kurosawa'],"['Toshirô Mifune', 'Yutaka Sada', 'Tatsuya Nakadai']",143.0,,https://www.imdb.com/title/tt0057565/
Das Boot,1981.0,8.4,281153,"['Drama', 'War']",['Wolfgang Petersen'],"['Jürgen Prochnow', 'Herbert Grönemeyer', 'Klaus Wennemann']",149.0,,https://www.imdb.com/title/tt0082096/
Braveheart,1995.0,8.3,1136882,"['Biography', 'Drama', 'War']",['Mel Gibson'],"['Mel Gibson', 'Sophie Marceau', 'Patrick McGoohan']",178.0,,https://www.imdb.com/title/tt0112573/
American Beauty,1999.0,8.3,1256431,['Drama'],['Sam Mendes'],"['Kevin Spacey', 'Annette Bening', 'Thora Birch']",122.0,,https://www.imdb.com/title/tt0169547/
Kimi no na wa.,2016.0,8.4,365392,"['Animation', 'Drama', 'Fantasy']",['Makoto Shinkai'],"['Ryûnosuke Kamiki', 'Mone Kamishiraishi', 'Ryo Narita']",106.0,,https://www.imdb.com/title/tt5311514/
Mononoke-hime,1997.0,8.3,465458,"['Animation', 'Adventure', 'Fantasy']",['Hayao Miyazaki'],"['Yôji Matsuda', 'Yuriko Ishida', 'Yûko Tanaka']",133.0,,https://www.imdb.com/title/tt0119698/
3 Idiots,2009.0,8.4,464377,"['Comedy', 'Drama']",['Rajkumar Hirani'],"['Aamir Khan', 'Madhavan', 'Mona Singh']",170.0,,https://www.imdb.com/title/tt1187043/
Joker,2019.0,8.3,1629025,"['Crime', 'Drama', 'Thriller']",['Todd Phillips'],"['Joaquin Phoenix', 'Robert De Niro', 'Zazie Beetz']",122.0,,https://www.imdb.com/title/tt7286456/
Capharnaüm,2018.0,8.4,118026,['Drama'],['Nadine Labaki'],"['Zain Al Rafeea', 'Yordanos Shiferaw', 'Boluwatife Treasure Bankole']",126.0,,https://www.imdb.com/title/tt8267604/
Once Upon a Time in America,1984.0,8.3,398477,"['Crime', 'Drama']",['Sergio Leone'],"['Robert De Niro', 'James Woods', 'Elizabeth McGovern']",229.0,,https://www.imdb.com/title/tt0087843/
Singin&apos; in the Rain,1952.0,8.3,274880,"['Comedy', 'Musical', 'Romance']","['Stanley Donen', 'Gene Kelly']","['Gene Kelly', 'Donald O&apos;Connor', 'Debbie Reynolds']",103.0,,https://www.imdb.com/title/tt0045152/
Idi i smotri,1985.0,8.3,114770,"['Drama', 'Thriller', 'War']",['Elem Klimov'],"['Aleksey Kravchenko', 'Olga Mironova', 'Liubomiras Laucevicius']",142.0,,https://www.imdb.com/title/tt0091251/
Requiem for a Dream,2000.0,8.3,946775,['Drama'],['Darren Aronofsky'],"['Ellen Burstyn', 'Jared Leto', 'Jennifer Connelly']",102.0,,https://www.imdb.com/title/tt0180093/
Star Wars: Episode VI - Return of the Jedi,1983.0,8.3,1176050,"['Action', 'Adventure', 'Fantasy']",['Richard Marquand'],"['Mark Hamill', 'Harrison Ford', 'Carrie Fisher']",131.0,,https://www.imdb.com/title/tt0086190/
Toy Story 3,2010.0,8.3,940152,"['Animation', 'Adventure', 'Comedy']",['Lee Unkrich'],"['Tom Hanks', 'Tim Allen', 'Joan Cusack']",103.0,,https://www.imdb.com/title/tt0435761/
Jagten,2012.0,8.3,392739,['Drama'],['Thomas Vinterberg'],"['Mads Mikkelsen', 'Thomas Bo Larsen', 'Annika Wedderkopp']",115.0,,https://www.imdb.com/title/tt2106476/
Ikiru,1952.0,8.3,98103,['Drama'],['Akira Kurosawa'],"['Takashi Shimura', 'Nobuo Kaneko', 'Shin&apos;ichi Himori']",143.0,,https://www.imdb.com/title/tt0044741/
Eternal Sunshine of the Spotless Mind,2004.0,8.3,1147223,"['Drama', 'Romance', 'Sci-Fi']",['Michel Gondry'],"['Jim Carrey', 'Kate Winslet', 'Tom Wilkinson']",108.0,,https://www.imdb.com/title/tt0338013/
Incendies,2011.0,8.3,233254,"['Drama', 'Mystery', 'War']",['Denis Villeneuve'],"['Lubna Azabal', 'Mélissa Désormeaux-Poulin', 'Maxim Gaudette']",131.0,,https://www.imdb.com/title/tt1255953/
The Apartment,1960.0,8.3,210962,"['Comedy', 'Drama', 'Romance']",['Billy Wilder'],"['Jack Lemmon', 'Shirley MacLaine', 'Fred MacMurray']",125.0,,https://www.imdb.com/title/tt0053604/
2001: A Space Odyssey,1968.0,8.3,759986,"['Adventure', 'Sci-Fi']",['Stanley Kubrick'],"['Keir Dullea', 'Gary Lockwood', 'William Sylvester']",149.0,,https://www.imdb.com/title/tt0062622/
Lawrence of Arabia,1962.0,8.3,331999,"['Adventure', 'Biography', 'Drama']",['David Lean'],"['Peter O&apos;Toole', 'Alec Guinness', 'Anthony Quinn']",227.0,,https://www.imdb.com/title/tt0056172/
Reservoir Dogs,1992.0,8.3,1141516,"['Crime', 'Thriller']",['Quentin Tarantino'],"['Harvey Keitel', 'Tim Roth', 'Michael Madsen']",99.0,,https://www.imdb.com/title/tt0105236/
Scarface,1983.0,8.3,977595,"['Crime', 'Drama']",['Brian De Palma'],"['Al Pacino', 'Michelle Pfeiffer', 'Steven Bauer']",170.0,,https://www.imdb.com/title/tt0086250/
Heat,1995.0,8.3,768038,"['Action', 'Crime', 'Drama']",['Michael Mann'],"['Al Pacino', 'Robert De Niro', 'Val Kilmer']",170.0,,https://www.imdb.com/title/tt0113277/
Double Indemnity,1944.0,8.3,176298,"['Crime', 'Drama', 'Film-Noir']",['Billy Wilder'],"['Fred MacMurray', 'Barbara Stanwyck', 'Edward G. Robinson']",107.0,,https://www.imdb.com/title/tt0036775/
North by Northwest,1959.0,8.3,362795,"['Adventure', 'Drama', 'Mystery']",['Alfred Hitchcock'],"['Cary Grant', 'Eva Marie Saint', 'James Mason']",136.0,,https://www.imdb.com/title/tt0053125/
Up,2009.0,8.3,1194139,"['Animation', 'Adventure', 'Comedy']","['Pete Docter', 'Bob Peterson']","['Edward Asner', 'Jordan Nagai', 'John Ratzenberger']",96.0,,https://www.imdb.com/title/tt1049413/
M - Eine Stadt sucht einen Mörder,1931.0,8.3,178536,"['Crime', 'Mystery', 'Thriller']",['Fritz Lang'],"['Peter Lorre', 'Ellen Widmann', 'Inge Landgut']",117.0,,https://www.imdb.com/title/tt0022100/
Citizen Kane,1941.0,8.3,484699,"['Drama', 'Mystery']",['Orson Welles'],"['Orson Welles', 'Joseph Cotten', 'Dorothy Comingore']",119.0,,https://www.imdb.com/title/tt0033467/
Full Metal Jacket,1987.0,8.2,828931,"['Drama', 'War']",['Stanley Kubrick'],"['Matthew Modine', 'R. Lee Ermey', 'Vincent D&apos;Onofrio']",116.0,,https://www.imdb.com/title/tt0093058/
Vertigo,1958.0,8.2,448881,"['Mystery', 'Romance', 'Thriller']",['Alfred Hitchcock'],"['James Stewart', 'Kim Novak', 'Barbara Bel Geddes']",128.0,,https://www.imdb.com/title/tt0052357/
Le fabuleux destin d&apos;Amélie Poulain,2001.0,8.3,823135,"['Comedy', 'Romance']",['Jean-Pierre Jeunet'],"['Audrey Tautou', 'Mathieu Kassovitz', 'Rufus']",122.0,,https://www.imdb.com/title/tt0211915/
Taare Zameen Par,2007.0,8.3,222123,"['Drama', 'Family']",['Aamir Khan'],"['Darsheel Safary', 'Aamir Khan', 'Tisca Chopra']",162.0,,https://www.imdb.com/title/tt0986264/
Jodaeiye Nader az Simin,2011.0,8.3,271546,['Drama'],['Asghar Farhadi'],"['Payman Maadi', 'Leila Hatami', 'Sareh Bayat']",123.0,,https://www.imdb.com/title/tt1832382/
To Kill a Mockingbird,1963.0,8.3,345322,"['Crime', 'Drama']",['Robert Mulligan'],"['Gregory Peck', 'John Megna', 'Frank Overton']",129.0,,https://www.imdb.com/title/tt0056592/
Die Hard,1988.0,8.2,997114,"['Action', 'Thriller']",['John McTiernan'],"['Bruce Willis', 'Alan Rickman', 'Bonnie Bedelia']",132.0,,https://www.imdb.com/title/tt0095016/
Indiana Jones and the Last Crusade,1989.0,8.2,844667,"['Action', 'Adventure']",['Steven Spielberg'],"['Harrison Ford', 'Sean Connery', 'Alison Doody']",127.0,,https://www.imdb.com/title/tt0097576/
The Sting,1973.0,8.2,292414,"['Comedy', 'Crime', 'Drama']",['George Roy Hill'],"['Paul Newman', 'Robert Redford', 'Robert Shaw']",129.0,,https://www.imdb.com/title/tt0070735/
A Clockwork Orange,1972.0,8.2,917504,"['Crime', 'Sci-Fi']",['Stanley Kubrick'],"['Malcolm McDowell', 'Patrick Magee', 'Michael Bates']",136.0,,https://www.imdb.com/title/tt0066921/
Metropolis,1927.0,8.3,196107,"['Drama', 'Sci-Fi']",['Fritz Lang'],"['Brigitte Helm', 'Alfred Abel', 'Gustav Fröhlich']",153.0,,https://www.imdb.com/title/tt0017136/
Oppenheimer,2023.0,8.3,919845,"['Biography', 'Drama', 'History']",['Christopher Nolan'],"['Cillian Murphy', 'Emily Blunt', 'Matt Damon']",180.0,,https://www.imdb.com/title/tt15398776/
Hababam Sinifi: Sinifta Kaldi,,8.6,27646,['Comedy'],['Ertem Egilmez'],"['Münir Özkul', 'Tarik Akan', 'Kemal Sunal']",95.0,,https://www.imdb.com/title/tt0252488/
Snatch,2000.0,8.2,952933,"['Comedy', 'Crime']",['Guy Ritchie'],"['Jason Statham', 'Brad Pitt', 'Stephen Graham']",104.0,,https://www.imdb.com/title/tt0208092/
1917,2020.0,8.2,737867,"['Action', 'Drama', 'War']",['Sam Mendes'],"['Dean-Charles Chapman', 'George MacKay', 'Daniel Mays']",119.0,,https://www.imdb.com/title/tt8579674/
L.A. Confidential,1997.0,8.2,645598,"['Crime', 'Drama', 'Mystery']",['Curtis Hanson'],"['Kevin Spacey', 'Russell Crowe', 'Guy Pearce']",138.0,,https://www.imdb.com/title/tt0119488/
Ladri di biciclette,1948.0,8.2,187313,['Drama'],['Vittorio De Sica'],"['Lamberto Maggiorani', 'Enzo Staiola', 'Lianella Carell']",89.0,,https://www.imdb.com/title/tt0040522/
Der Untergang,2004.0,8.2,391518,"['Biography', 'Drama', 'History']",['Oliver Hirschbiegel'],"['Bruno Ganz', 'Alexandra Maria Lara', 'Ulrich Matthes']",156.0,,https://www.imdb.com/title/tt0363163/
Dangal,2016.0,8.3,229702,"['Action', 'Biography', 'Drama']",['Nitesh Tiwari'],"['Aamir Khan', 'Sakshi Tanwar', 'Fatima Sana Shaikh']",161.0,,https://www.imdb.com/title/tt5074352/
The Wolf of Wall Street,2013.0,8.2,1707044,"['Biography', 'Comedy', 'Crime']",['Martin Scorsese'],"['Leonardo DiCaprio', 'Jonah Hill', 'Margot Robbie']",180.0,,https://www.imdb.com/title/tt0993846/
Hamilton,2020.0,8.3,130669,"['Biography', 'Drama', 'History']",['Thomas Kail'],"['Lin-Manuel Miranda', 'Phillipa Soo', 'Leslie Odom Jr.']",160.0,,https://www.imdb.com/title/tt8503618/
Green Book,2019.0,8.2,646887,"['Biography', 'Comedy', 'Drama']",['Peter Farrelly'],"['Viggo Mortensen', 'Mahershala Ali', 'Linda Cardellini']",130.0,,https://www.imdb.com/title/tt6966692/
Taxi Driver,1976.0,8.2,989503,"['Crime', 'Drama']",['Martin Scorsese'],"['Robert De Niro', 'Jodie Foster', 'Cybill Shepherd']",114.0,,https://www.imdb.com/title/tt0075314/
The Truman Show,1998.0,8.2,1303037,"['Comedy', 'Drama']",['Peter Weir'],"['Jim Carrey', 'Ed Harris', 'Laura Linney']",103.0,,https://www.imdb.com/title/tt0120382/
Batman Begins,2005.0,8.2,1661613,"['Action', 'Crime', 'Drama']",['Christopher Nolan'],"['Christian Bale', 'Michael Caine', 'Ken Watanabe']",140.0,,https://www.imdb.com/title/tt0372784/
Per qualche dollaro in più,2023.0,8.2,291796,"['Drama', 'Western']",['Sergio Leone'],"['Clint Eastwood', 'Lee Van Cleef', 'Gian Maria Volontè']",132.0,,https://www.imdb.com/title/tt0059578/
Judgment at Nuremberg,1961.0,8.3,92920,"['Drama', 'War']",['Stanley Kramer'],"['Spencer Tracy', 'Burt Lancaster', 'Richard Widmark']",179.0,,https://www.imdb.com/title/tt0055031/
Some Like It Hot,1959.0,8.2,297680,"['Comedy', 'Music', 'Romance']",['Billy Wilder'],"['Marilyn Monroe', 'Tony Curtis', 'Jack Lemmon']",121.0,,https://www.imdb.com/title/tt0053291/
Shutter Island,2010.0,8.2,1568762,"['Drama', 'Mystery', 'Thriller']",['Martin Scorsese'],"['Leonardo DiCaprio', 'Emily Mortimer', 'Mark Ruffalo']",138.0,,https://www.imdb.com/title/tt1130884/
The Kid,1921.0,8.2,142484,"['Comedy', 'Drama', 'Family']",['Charles Chaplin'],"['Charles Chaplin', 'Edna Purviance', 'Jackie Coogan']",68.0,,https://www.imdb.com/title/tt0012349/
The Father,2021.0,8.2,217313,"['Drama', 'Mystery']",['Florian Zeller'],"['Anthony Hopkins', 'Olivia Colman', 'Mark Gatiss']",97.0,,https://www.imdb.com/title/tt10272386/
Jurassic Park,1993.0,8.2,1136452,"['Action', 'Adventure', 'Sci-Fi']",['Steven Spielberg'],"['Sam Neill', 'Laura Dern', 'Jeff Goldblum']",127.0,,https://www.imdb.com/title/tt0107290/
All About Eve,1950.0,8.2,145958,['Drama'],['Joseph L. Mankiewicz'],"['Bette Davis', 'Anne Baxter', 'George Sanders']",138.0,,https://www.imdb.com/title/tt0042192/
There Will Be Blood,2008.0,8.2,678303,['Drama'],['Paul Thomas Anderson'],"['Daniel Day-Lewis', 'Paul Dano', 'Ciarán Hinds']",158.0,,https://www.imdb.com/title/tt0469494/
The Sixth Sense,1999.0,8.2,1108646,"['Drama', 'Mystery', 'Thriller']",['M. Night Shyamalan'],"['Bruce Willis', 'Haley Joel Osment', 'Toni Collette']",107.0,,https://www.imdb.com/title/tt0167404/
Ran,1985.0,8.2,145835,"['Action', 'Drama', 'War']",['Akira Kurosawa'],"['Tatsuya Nakadai', 'Akira Terao', 'Jinpachi Nezu']",160.0,,https://www.imdb.com/title/tt0089881/
Casino,1995.0,8.2,598533,"['Crime', 'Drama']",['Martin Scorsese'],"['Robert De Niro', 'Sharon Stone', 'Joe Pesci']",178.0,,https://www.imdb.com/title/tt0112641/
Top Gun: Maverick,2022.0,8.2,794955,"['Action', 'Drama']",['Joseph Kosinski'],"['Tom Cruise', 'Jennifer Connelly', 'Miles Teller']",130.0,,https://www.imdb.com/title/tt1745960/
No Country for Old Men,2007.0,8.2,1137791,"['Crime', 'Drama', 'Thriller']","['Ethan Coen', 'Joel Coen']","['Tommy Lee Jones', 'Javier Bardem', 'Josh Brolin']",122.0,,https://www.imdb.com/title/tt0477348/
The Thing,1982.0,8.2,504412,"['Horror', 'Mystery', 'Sci-Fi']",['John Carpenter'],"['Kurt Russell', 'Wilford Brimley', 'Keith David']",109.0,,https://www.imdb.com/title/tt0084787/
Unforgiven,1992.0,8.2,457936,"['Drama', 'Western']",['Clint Eastwood'],"['Clint Eastwood', 'Gene Hackman', 'Morgan Freeman']",130.0,,https://www.imdb.com/title/tt0105695/
El laberinto del fauno,2006.0,8.2,729378,"['Drama', 'Fantasy', 'War']",['Guillermo del Toro'],"['Ivana Baquero', 'Ariadna Gil', 'Sergi López']",118.0,,https://www.imdb.com/title/tt0457430/
Kill Bill: Vol. 1,2003.0,8.2,1261962,"['Action', 'Crime', 'Thriller']",['Quentin Tarantino'],"['Uma Thurman', 'David Carradine', 'Daryl Hannah']",111.0,,https://www.imdb.com/title/tt0266697/
A Beautiful Mind,2002.0,8.2,1029129,"['Biography', 'Drama', 'Mystery']",['Ron Howard'],"['Russell Crowe', 'Ed Harris', 'Jennifer Connelly']",135.0,,https://www.imdb.com/title/tt0268978/
Prisoners,2013.0,8.2,885739,"['Crime', 'Drama', 'Mystery']",['Denis Villeneuve'],"['Hugh Jackman', 'Jake Gyllenhaal', 'Viola Davis']",153.0,,https://www.imdb.com/title/tt1392214/
The Treasure of the Sierra Madre,1948.0,8.2,138500,"['Adventure', 'Drama', 'Western']",['John Huston'],"['Humphrey Bogart', 'Walter Huston', 'Tim Holt']",126.0,,https://www.imdb.com/title/tt0040897/
La meglio gioventù,2003.0,8.5,25698,"['Drama', 'Romance']",['Marco Tullio Giordana'],"['Luigi Lo Cascio', 'Alessio Boni', 'Jasmine Trinca']",374.0,,https://www.imdb.com/title/tt0346336/
Yôjinbô,1961.0,8.2,139240,"['Action', 'Drama', 'Thriller']",['Akira Kurosawa'],"['Toshirô Mifune', 'Eijirô Tôno', 'Tatsuya Nakadai']",110.0,,https://www.imdb.com/title/tt0055630/
Finding Nemo,2003.0,8.2,1170911,"['Animation', 'Adventure', 'Comedy']","['Andrew Stanton', 'Lee Unkrich']","['Albert Brooks', 'Ellen DeGeneres', 'Alexander Gould']",100.0,,https://www.imdb.com/title/tt0266543/
Hauru no ugoku shiro,2004.0,8.2,490010,"['Animation', 'Adventure', 'Family']",['Hayao Miyazaki'],"['Chieko Baishô', 'Takuya Kimura', 'Tatsuya Gashûin']",119.0,,https://www.imdb.com/title/tt0347149/
The Great Escape,1963.0,8.2,270945,"['Adventure', 'Drama', 'Thriller']",['John Sturges'],"['Steve McQueen', 'James Garner', 'Richard Attenborough']",172.0,,https://www.imdb.com/title/tt0057115/
Monty Python and the Holy Grail,1975.0,8.2,591873,"['Adventure', 'Comedy', 'Fantasy']","['Terry Gilliam', 'Terry Jones']","['Graham Chapman', 'John Cleese', 'Eric Idle']",91.0,,https://www.imdb.com/title/tt0071853/
The Elephant Man,1980.0,8.2,275176,"['Biography', 'Drama']",['David Lynch'],"['Anthony Hopkins', 'John Hurt', 'Anne Bancroft']",124.0,,https://www.imdb.com/title/tt0080678/
Dial M for Murder,1954.0,8.2,199652,"['Crime', 'Drama', 'Mystery']",['Alfred Hitchcock'],"['Ray Milland', 'Grace Kelly', 'Robert Cummings']",105.0,,https://www.imdb.com/title/tt0046912/
Klaus,2019.0,8.2,217845,"['Animation', 'Adventure', 'Comedy']","['Sergio Pablos', 'Carlos Martínez López']","['Jason Schwartzman', 'J.K. Simmons', 'Rashida Jones']",96.0,,https://www.imdb.com/title/tt4729430/
Gone with the Wind,1940.0,8.2,349051,"['Drama', 'Romance', 'War']",['Victor Fleming'],"['Clark Gable', 'Vivien Leigh', 'Thomas Mitchell']",238.0,,https://www.imdb.com/title/tt0031381/
El secreto de sus ojos,2009.0,8.2,235163,"['Drama', 'Mystery', 'Romance']",['Juan José Campanella'],"['Ricardo Darín', 'Soledad Villamil', 'Pablo Rago']",129.0,,https://www.imdb.com/title/tt1305806/
Chinatown,1974.0,8.1,368119,"['Drama', 'Mystery', 'Thriller']",['Roman Polanski'],"['Jack Nicholson', 'Faye Dunaway', 'John Huston']",130.0,,https://www.imdb.com/title/tt0071315/
"Lock, Stock and Two Smoking Barrels",1998.0,8.1,638659,"['Comedy', 'Crime']",['Guy Ritchie'],"['Jason Flemyng', 'Dexter Fletcher', 'Nick Moran']",107.0,,https://www.imdb.com/title/tt0120735/
Rashômon,1950.0,8.1,191307,"['Crime', 'Drama', 'Mystery']",['Akira Kurosawa'],"['Toshirô Mifune', 'Machiko Kyô', 'Masayuki Mori']",88.0,,https://www.imdb.com/title/tt0042876/
V for Vendetta,2006.0,8.1,1222053,"['Action', 'Drama', 'Sci-Fi']",['James McTeigue'],"['Hugo Weaving', 'Natalie Portman', 'Rupert Graves']",132.0,,https://www.imdb.com/title/tt0434409/
Inside Out,2015.0,8.1,878345,"['Animation', 'Adventure', 'Comedy']","['Pete Docter', 'Ronnie Del Carmen']","['Amy Poehler', 'Bill Hader', 'Lewis Black']",95.0,,https://www.imdb.com/title/tt2096673/
"Three Billboards Outside Ebbing, Missouri",2018.0,8.1,588356,"['Comedy', 'Crime', 'Drama']",['Martin McDonagh'],"['Frances McDormand', 'Woody Harrelson', 'Sam Rockwell']",115.0,,https://www.imdb.com/title/tt5027774/
Catch Me If You Can,2002.0,8.1,1179824,"['Biography', 'Crime', 'Drama']",['Steven Spielberg'],"['Leonardo DiCaprio', 'Tom Hanks', 'Christopher Walken']",141.0,,https://www.imdb.com/title/tt0264464/
Trainspotting,1996.0,8.1,754301,"['Crime', 'Drama']",['Danny Boyle'],"['Ewan McGregor', 'Ewen Bremner', 'Jonny Lee Miller']",93.0,,https://www.imdb.com/title/tt0117951/
The Bridge on the River Kwai,1957.0,8.1,243935,"['Adventure', 'Drama', 'War']",['David Lean'],"['William Holden', 'Alec Guinness', 'Jack Hawkins']",161.0,,https://www.imdb.com/title/tt0050212/
Raging Bull,1980.0,8.1,398671,"['Biography', 'Drama', 'Sport']",['Martin Scorsese'],"['Robert De Niro', 'Cathy Moriarty', 'Joe Pesci']",129.0,,https://www.imdb.com/title/tt0081398/
The Wild Robot,2024.0,8.2,190273,"['Animation', 'Adventure', 'Family']",['Chris Sanders'],"['Lupita Nyong&apos;o', 'Pedro Pascal', 'Kit Connor']",102.0,,https://www.imdb.com/title/tt29623480/
Harry Potter and the Deathly Hallows: Part 2,2011.0,8.1,1007884,"['Adventure', 'Family', 'Fantasy']",['David Yates'],"['Daniel Radcliffe', 'Emma Watson', 'Rupert Grint']",130.0,,https://www.imdb.com/title/tt1201607/
Fargo,1996.0,8.1,762330,"['Crime', 'Drama', 'Thriller']","['Joel Coen', 'Ethan Coen']","['William H. Macy', 'Frances McDormand', 'Steve Buscemi']",98.0,,https://www.imdb.com/title/tt0116282/
Warrior,2011.0,8.1,518094,"['Action', 'Drama', 'Sport']",['Gavin O&apos;Connor'],"['Tom Hardy', 'Nick Nolte', 'Joel Edgerton']",140.0,,https://www.imdb.com/title/tt1291584/
Gran Torino,2009.0,8.1,844728,['Drama'],['Clint Eastwood'],"['Clint Eastwood', 'Bee Vang', 'Christopher Carley']",116.0,,https://www.imdb.com/title/tt1205489/
Million Dollar Baby,2005.0,8.1,751015,"['Drama', 'Sport']",['Clint Eastwood'],"['Hilary Swank', 'Clint Eastwood', 'Morgan Freeman']",132.0,,https://www.imdb.com/title/tt0405159/
Ben-Hur,1959.0,8.1,265394,"['Adventure', 'Drama']",['William Wyler'],"['Charlton Heston', 'Jack Hawkins', 'Stephen Boyd']",212.0,,https://www.imdb.com/title/tt0052618/
Mad Max: Fury Road,2015.0,8.1,1175455,"['Action', 'Adventure', 'Sci-Fi']",['George Miller'],"['Tom Hardy', 'Charlize Theron', 'Nicholas Hoult']",120.0,,https://www.imdb.com/title/tt1392190/
Tonari no Totoro,1988.0,8.1,413387,"['Animation', 'Adventure', 'Comedy']",['Hayao Miyazaki'],"['Hitoshi Takagi', 'Noriko Hidaka', 'Chika Sakamoto']",86.0,,https://www.imdb.com/title/tt0096283/
Dead Poets Society,1989.0,8.1,600063,"['Comedy', 'Drama']",['Peter Weir'],"['Robin Williams', 'Robert Sean Leonard', 'Ethan Hawke']",128.0,,https://www.imdb.com/title/tt0097165/
Barry Lyndon,1975.0,8.1,196125,"['Adventure', 'Drama', 'War']",['Stanley Kubrick'],"['Ryan O&apos;Neal', 'Marisa Berenson', 'Patrick Magee']",185.0,,https://www.imdb.com/title/tt0072684/
Bacheha-ye aseman,,8.2,86954,"['Drama', 'Family', 'Sport']",['Majid Majidi'],"['Reza Naji', 'Amir Farrokh Hashemian', 'Bahare Seddiqi']",89.0,,https://www.imdb.com/title/tt0118849/
Hacksaw Ridge,2016.0,8.1,646786,"['Biography', 'Drama', 'History']",['Mel Gibson'],"['Andrew Garfield', 'Sam Worthington', 'Luke Bracey']",139.0,,https://www.imdb.com/title/tt2119532/
The Grand Budapest Hotel,2014.0,8.1,935765,"['Comedy', 'Drama']",['Wes Anderson'],"['Ralph Fiennes', 'F. Murray Abraham', 'Mathieu Amalric']",99.0,,https://www.imdb.com/title/tt2278388/
Spider-Man: No Way Home,2021.0,8.2,967723,"['Action', 'Adventure', 'Fantasy']",['Jon Watts'],"['Tom Holland', 'Zendaya', 'Benedict Cumberbatch']",148.0,,https://www.imdb.com/title/tt10872600/
12 Years a Slave,2013.0,8.1,769587,"['Biography', 'Drama', 'History']",['Steve McQueen'],"['Chiwetel Ejiofor', 'Michael Kenneth Williams', 'Michael Fassbender']",134.0,,https://www.imdb.com/title/tt2024544/
Before Sunrise,1995.0,8.1,363450,"['Comedy', 'Drama', 'Romance']",['Richard Linklater'],"['Ethan Hawke', 'Julie Delpy', 'Andrea Eckert']",101.0,,https://www.imdb.com/title/tt0112471/
Blade Runner,1982.0,8.1,859972,"['Action', 'Drama', 'Sci-Fi']",['Ridley Scott'],"['Harrison Ford', 'Rutger Hauer', 'Sean Young']",117.0,,https://www.imdb.com/title/tt0083658/
Salinui chueok,2003.0,8.1,247442,"['Crime', 'Drama', 'Mystery']",['Bong Joon Ho'],"['Song Kang-ho', 'Kim Sang-kyung', 'Kim Roe-ha']",131.0,,https://www.imdb.com/title/tt0353969/
Gone Girl,2014.0,8.1,1131650,"['Drama', 'Mystery', 'Thriller']",['David Fincher'],"['Ben Affleck', 'Rosamund Pike', 'Neil Patrick Harris']",149.0,,https://www.imdb.com/title/tt2267998/
Ratatouille,2007.0,8.1,898683,"['Animation', 'Adventure', 'Comedy']","['Brad Bird', 'Jan Pinkava']","['Brad Garrett', 'Lou Romano', 'Patton Oswalt']",111.0,,https://www.imdb.com/title/tt0382932/
How to Train Your Dragon,2010.0,8.1,860768,"['Animation', 'Action', 'Adventure']","['Dean DeBlois', 'Chris Sanders']","['Jay Baruchel', 'Gerard Butler', 'Christopher Mintz-Plasse']",98.0,,https://www.imdb.com/title/tt0892769/
"Monsters, Inc.",2001.0,8.1,1038106,"['Animation', 'Adventure', 'Comedy']","['Pete Docter', 'David Silverman', 'Lee Unkrich']","['Billy Crystal', 'John Goodman', 'Mary Gibbs']",92.0,,https://www.imdb.com/title/tt0198781/
In the Name of the Father,1993.0,8.1,197765,"['Biography', 'Crime', 'Drama']",['Jim Sheridan'],"['Daniel Day-Lewis', 'Pete Postlethwaite', 'Alison Crosbie']",133.0,,https://www.imdb.com/title/tt0107207/
Jaws,1975.0,8.1,708579,"['Adventure', 'Horror', 'Thriller']",['Steven Spielberg'],"['Roy Scheider', 'Robert Shaw', 'Richard Dreyfuss']",124.0,,https://www.imdb.com/title/tt0073195/
Relatos salvajes,2014.0,8.1,230984,"['Comedy', 'Drama', 'Thriller']",['Damián Szifron'],"['Darío Grandinetti', 'María Marull', 'Mónica Villa']",122.0,,https://www.imdb.com/title/tt3011894/
The Gold Rush,1925.0,8.1,125334,"['Adventure', 'Comedy', 'Drama']",['Charles Chaplin'],"['Charles Chaplin', 'Mack Swain', 'Tom Murray']",95.0,,https://www.imdb.com/title/tt0015864/
Ford v Ferrari,2019.0,8.1,535714,"['Action', 'Biography', 'Drama']",['James Mangold'],"['Matt Damon', 'Christian Bale', 'Jon Bernthal']",152.0,,https://www.imdb.com/title/tt1950186/
Sherlock Jr.,1924.0,8.1,63095,"['Action', 'Comedy', 'Romance']",['Buster Keaton'],"['Buster Keaton', 'Kathryn McGuire', 'Joe Keaton']",,,https://www.imdb.com/title/tt0015324/
Mary and Max.,2009.0,8.1,197675,"['Animation', 'Comedy', 'Drama']",['Adam Elliot'],"['Toni Collette', 'Philip Seymour Hoffman', 'Eric Bana']",92.0,,https://www.imdb.com/title/tt0978762/
Le salaire de la peur,1953.0,8.1,71371,"['Adventure', 'Drama', 'Thriller']",['Henri-Georges Clouzot'],"['Yves Montand', 'Charles Vanel', 'Peter van Eyck']",156.0,,https://www.imdb.com/title/tt0046268/
The Deer Hunter,1979.0,8.1,378298,"['Drama', 'War']",['Michael Cimino'],"['Robert De Niro', 'Christopher Walken', 'John Cazale']",183.0,,https://www.imdb.com/title/tt0077416/
The General,1927.0,8.1,103683,"['Action', 'Adventure', 'Comedy']","['Clyde Bruckman', 'Buster Keaton']","['Buster Keaton', 'Marion Mack', 'Glen Cavender']",78.0,,https://www.imdb.com/title/tt0017925/
Mr. Smith Goes to Washington,1939.0,8.1,126998,"['Comedy', 'Drama']",['Frank Capra'],"['James Stewart', 'Jean Arthur', 'Claude Rains']",129.0,,https://www.imdb.com/title/tt0031679/
On the Waterfront,1954.0,8.1,173939,"['Crime', 'Drama', 'Thriller']",['Elia Kazan'],"['Marlon Brando', 'Karl Malden', 'Lee J. Cobb']",108.0,,https://www.imdb.com/title/tt0047296/
Logan,2017.0,8.1,899066,"['Action', 'Drama', 'Sci-Fi']",['James Mangold'],"['Hugh Jackman', 'Patrick Stewart', 'Dafne Keen']",137.0,,https://www.imdb.com/title/tt3315342/
Rocky,1976.0,8.1,666791,"['Drama', 'Sport']",['John G. Avildsen'],"['Sylvester Stallone', 'Talia Shire', 'Burt Young']",120.0,,https://www.imdb.com/title/tt0075148/
Smultronstället,1957.0,8.1,121645,"['Drama', 'Romance']",['Ingmar Bergman'],"['Victor Sjöström', 'Bibi Andersson', 'Ingrid Thulin']",92.0,,https://www.imdb.com/title/tt0050986/
Tôkyô monogatari,1953.0,8.1,75047,['Drama'],['Yasujirô Ozu'],"['Chishû Ryû', 'Chieko Higashiyama', 'Sô Yamamura']",137.0,,https://www.imdb.com/title/tt0046438/
The Third Man,1949.0,8.1,191097,"['Drama', 'Film-Noir', 'Mystery']",['Carol Reed'],"['Orson Welles', 'Joseph Cotten', 'Alida Valli']",104.0,,https://www.imdb.com/title/tt0041959/
Spotlight,2015.0,8.1,522656,"['Biography', 'Crime', 'Drama']",['Tom McCarthy'],"['Mark Ruffalo', 'Michael Keaton', 'Rachel McAdams']",129.0,,https://www.imdb.com/title/tt1895587/
Maharaja,2024.0,8.4,72274,"['Action', 'Crime', 'Drama']",['Nithilan Saminathan'],"['Vijay Sethupathi', 'Anurag Kashyap', 'Mamta Mohandas']",141.0,,https://www.imdb.com/title/tt26548265/
Pirates of the Caribbean: The Curse of the Black Pearl,2003.0,8.1,1279337,"['Action', 'Adventure', 'Fantasy']",['Gore Verbinski'],"['Johnny Depp', 'Geoffrey Rush', 'Orlando Bloom']",143.0,,https://www.imdb.com/title/tt0325980/
The Terminator,1984.0,8.1,973361,"['Action', 'Adventure', 'Sci-Fi']",['James Cameron'],"['Arnold Schwarzenegger', 'Linda Hamilton', 'Michael Biehn']",107.0,,https://www.imdb.com/title/tt0088247/
The Big Lebowski,1998.0,8.1,896636,"['Comedy', 'Crime']","['Joel Coen', 'Ethan Coen']","['Jeff Bridges', 'John Goodman', 'Julianne Moore']",117.0,,https://www.imdb.com/title/tt0118715/
La haine,1995.0,8.1,215062,"['Crime', 'Drama']",['Mathieu Kassovitz'],"['Vincent Cassel', 'Hubert Koundé', 'Saïd Taghmaoui']",98.0,,https://www.imdb.com/title/tt0113247/
Det sjunde inseglet,1957.0,8.1,210628,"['Drama', 'Fantasy']",['Ingmar Bergman'],"['Max von Sydow', 'Gunnar Björnstrand', 'Bengt Ekerot']",96.0,,https://www.imdb.com/title/tt0050976/
Room,2015.0,8.1,470938,"['Drama', 'Thriller']",['Lenny Abrahamson'],"['Brie Larson', 'Jacob Tremblay', 'Sean Bridgers']",118.0,,https://www.imdb.com/title/tt3170832/
Jai Bhim,2021.0,8.6,228157,"['Crime', 'Drama']",['T.J. Gnanavel'],"['Suriya', 'Lijo Mol Jose', 'Manikandan K.']",164.0,,https://www.imdb.com/title/tt15097216/
Hotel Rwanda,2005.0,8.1,385869,"['Biography', 'Drama', 'History']",['Terry George'],"['Don Cheadle', 'Sophie Okonedo', 'Joaquin Phoenix']",121.0,,https://www.imdb.com/title/tt0395169/
Platoon,1987.0,8.1,459915,"['Drama', 'War']",['Oliver Stone'],"['Charlie Sheen', 'Tom Berenger', 'Willem Dafoe']",120.0,,https://www.imdb.com/title/tt0091763/
The Best Years of Our Lives,1947.0,8.1,75472,"['Drama', 'Romance', 'War']",['William Wyler'],"['Myrna Loy', 'Dana Andrews', 'Fredric March']",170.0,,https://www.imdb.com/title/tt0036868/
Before Sunset,2004.0,8.1,305234,"['Drama', 'Romance']",['Richard Linklater'],"['Ethan Hawke', 'Julie Delpy', 'Vernon Dobtcheff']",80.0,,https://www.imdb.com/title/tt0381681/
The Sound of Music,1965.0,8.1,279657,"['Biography', 'Drama', 'Family']",['Robert Wise'],"['Julie Andrews', 'Christopher Plummer', 'Eleanor Parker']",172.0,,https://www.imdb.com/title/tt0059742/
The Exorcist,1973.0,8.1,482447,['Horror'],['William Friedkin'],"['Ellen Burstyn', 'Max von Sydow', 'Linda Blair']",122.0,,https://www.imdb.com/title/tt0070047/
The Incredibles,2004.0,8.0,865194,"['Animation', 'Action', 'Adventure']",['Brad Bird'],"['Craig T. Nelson', 'Samuel L. Jackson', 'Holly Hunter']",115.0,,https://www.imdb.com/title/tt0317705/
Hachi: A Dog&apos;s Tale,2010.0,8.1,331632,"['Biography', 'Drama', 'Family']",['Lasse Hallström'],"['Richard Gere', 'Joan Allen', 'Cary-Hiroyuki Tagawa']",93.0,,https://www.imdb.com/title/tt1028532/
Rush,2013.0,8.1,541451,"['Biography', 'Drama', 'Sport']",['Ron Howard'],"['Daniel Brühl', 'Chris Hemsworth', 'Olivia Wilde']",123.0,,https://www.imdb.com/title/tt1979320/
The Wizard of Oz,1939.0,8.1,454256,"['Adventure', 'Family', 'Fantasy']","['Victor Fleming', 'George Cukor', 'Norman Taurog']","['Judy Garland', 'Frank Morgan', 'Ray Bolger']",102.0,,https://www.imdb.com/title/tt0032138/
La passion de Jeanne d&apos;Arc,1928.0,8.1,65930,"['Biography', 'Drama', 'History']",['Carl Theodor Dreyer'],"['Maria Falconetti', 'Eugene Silvain', 'André Berley']",110.0,,https://www.imdb.com/title/tt0019254/
Stand by Me,1986.0,8.1,469299,"['Adventure', 'Comedy', 'Drama']",['Rob Reiner'],"['Wil Wheaton', 'River Phoenix', 'Corey Feldman']",89.0,,https://www.imdb.com/title/tt0092005/
Koe no katachi,2016.0,8.1,125589,"['Animation', 'Drama']",['Naoko Yamada'],"['Miyu Irino', 'Saori Hayami', 'Aoi Yûki']",130.0,,https://www.imdb.com/title/tt5323662/
Babam ve Oglum,2005.0,8.2,98264,"['Drama', 'Family']",['Çagan Irmak'],"['Çetin Tekindor', 'Fikret Kuskan', 'Hümeyra']",112.0,,https://www.imdb.com/title/tt0476735/
The Iron Giant,1999.0,8.1,248442,"['Animation', 'Action', 'Adventure']",['Brad Bird'],"['Eli Marienthal', 'Harry Connick Jr.', 'Jennifer Aniston']",86.0,,https://www.imdb.com/title/tt0129167/
Network,1976.0,8.1,181159,['Drama'],['Sidney Lumet'],"['Faye Dunaway', 'William Holden', 'Peter Finch']",121.0,,https://www.imdb.com/title/tt0074958/
Ah-ga-ssi,2016.0,8.1,191614,"['Drama', 'Romance', 'Thriller']",['Park Chan-wook'],"['Kim Min-hee', 'Ha Jung-woo', 'Cho Jin-woong']",145.0,,https://www.imdb.com/title/tt4016934/
La battaglia di Algeri,1966.0,8.1,72123,"['Drama', 'War']",['Gillo Pontecorvo'],"['Brahim Hadjadj', 'Jean Martin', 'Yacef Saadi']",121.0,,https://www.imdb.com/title/tt0058946/
The Grapes of Wrath,1940.0,8.1,106056,['Drama'],['John Ford'],"['Henry Fonda', 'Jane Darwell', 'John Carradine']",129.0,,https://www.imdb.com/title/tt0032551/
To Be or Not to Be,1942.0,8.1,47829,"['Comedy', 'Romance', 'War']",['Ernst Lubitsch'],"['Carole Lombard', 'Jack Benny', 'Robert Stack']",99.0,,https://www.imdb.com/title/tt0035446/
Into the Wild,2007.0,8.0,683397,"['Adventure', 'Biography', 'Drama']",['Sean Penn'],"['Emile Hirsch', 'Vince Vaughn', 'Catherine Keener']",148.0,,https://www.imdb.com/title/tt0758758/
Groundhog Day,1993.0,8.0,722132,"['Comedy', 'Drama', 'Fantasy']",['Harold Ramis'],"['Bill Murray', 'Andie MacDowell', 'Chris Elliott']",101.0,,https://www.imdb.com/title/tt0107048/
The Help,2012.0,8.1,516858,['Drama'],['Tate Taylor'],"['Viola Davis', 'Emma Stone', 'Octavia Spencer']",146.0,,https://www.imdb.com/title/tt1454029/
Gekijô-ban Kimetsu no Yaiba Mugen Ressha-hen,2020.0,8.2,87151,"['Animation', 'Action', 'Adventure']",['Haruo Sotozaki'],"['Natsuki Hanae', 'Akari Kitô', 'Yoshitsugu Matsuoka']",117.0,,https://www.imdb.com/title/tt11032374/
Drishyam,2015.0,8.2,102987,"['Crime', 'Drama', 'Mystery']",['Nishikant Kamat'],"['Ajay Devgn', 'Shriya Saran', 'Tabu']",163.0,,https://www.imdb.com/title/tt4430212/
Gangs of Wasseypur,2012.0,8.2,109209,"['Action', 'Comedy', 'Crime']",['Anurag Kashyap'],"['Manoj Bajpayee', 'Nawazuddin Siddiqui', 'Tigmanshu Dhulia']",321.0,,https://www.imdb.com/title/tt1954470/
